Mã,Tên tuyến,Kênh của tôi,Trạng thái,Insight,Lúc bấm họ đang,Họ cần,Từ khoá nhận biết,Mô tả,Ghi chú
nguoi-song-lech-nhip-so-dong,Người sống lệch nhịp số đông,TL4-T7,đang đánh,"Ai cũng thế, mình thì không. Chắc mình có vấn đề.",đang tự nghi ngờ,được gỡ tội — được phép sống như thế này,"không hứng thú thể thao · thích ở một mình · ở một mình không thấy buồn · không ra khỏi nhà · không dùng mạng xã hội · ít bạn · không có sở thích · kém nói chuyện phiếm · phòng bừa ‖ PHÂN XỬ: tiêu đề nói về QUAN HỆ với người khác (ở một mình, ít bạn, không tụ tập, bỏ mạng xã hội, không hứng thú thể thao, phòng bừa) VÀ hứa gỡ tội (thật ra mạnh / thật ra thông minh / không sao cả) thì thuộc tệp NÀY, kể cả khi dùng khuôn 「〜な人の特徴」. Chữ 「本当の強さ」「実は強い」 là dấu hiệu gỡ tội. ‖ TÁCH VỚI TỆP TRUNG NIÊN: chỉ thuộc tệp NÀY khi tiêu đề xin được CHO PHÉP và kết bằng sự nhẹ lòng. Nếu nó hứa một VIỆC LÀM ĐƯỢC NGAY (cách, thói quen, mấy bước) hoặc lấy TUỔI TÁC làm nhân vật chính thì thuộc tệp “trung niên thu gọn đời sống”.","Nhân viên văn phòng Nhật 25–45. Đi làm bình thường, không thân với ai, hết giờ về thẳng nhà. Từ chối nhậu thì thấy nhẹ cả người rồi lại áy náy vì mình thấy nhẹ. Chiều chủ nhật không lịch hẹn là lúc bất an nhất.",
nguoi-bi-danh-gia-thap-hon-nang-luc-that,Người bị đánh giá thấp hơn năng lực thật,,đang xem,"Tôi nhìn ra thứ người khác không nhìn ra — mà cái đó không được tính vào đâu cả, và nó làm đời tôi mệt.",đang ấm ức,được đo lại — bằng một cái thước khác,"học vấn không đo được năng lực · ít nói mà nói trúng · thức khuya · bị coi là khó gần · người thông minh thấy sống khó · IQ và học vấn không nói lên điều gì ‖ PHÂN XỬ: nhân vật chính là CÁI THƯỚC ĐO (bằng cấp, điểm số, cách người khác đánh giá), không phải quan hệ bạn bè. Tiêu đề nói cố gắng mà không được đền đáp cũng thuộc tệp này.","Học hành làng nhàng, không bằng cấp đáng khoe, làm ở tầng giữa. Nhưng trong việc thì xử lý tốt hơn nhiều người bằng cấp cao hơn. Thức khuya vì đó là lúc đầu chạy tốt nhất. Ít nói trong họp vì thấy phần lớn câu chuyện không đáng nói.",
nguoi-to-mo-xem-minh-la-kieu-nguoi-nao,Người tò mò xem mình là kiểu người nào,,đang xem,Cái thói quen vặt vãnh này của tôi — hoá ra nó nói lên điều gì?,đang thoải mái (tệp duy nhất KHÔNG đau),được tặng một điều thú vị về chính mình,"làm vườn · leo núi · chó mèo hay lại gần · em bé hay nhìn theo · đi mô tô một mình · giữ xe cũ 15 năm · dậy 5 giờ sáng · ただの趣味じゃない · 隠された7つの特徴 · 意外すぎる · 本人も気づいていない — TOÀN THỨ VÔ HẠI, không cái nào bị chê ‖ PHÂN XỬ: chỉ thuộc tệp này khi thứ được nêu là THỨ VÔ HẠI, chưa ai chê bao giờ (làm vườn, leo núi, nuôi mèo, giữ xe cũ, dậy sớm, dùng ví dài). Nếu thứ được nêu là thứ XÃ HỘI HAY CHÊ (ở một mình, ít bạn, phòng bừa, không hứng thú thể thao) thì KHÔNG phải tệp này — đó là tệp “sống lệch nhịp số đông”, dù tiêu đề dùng khuôn 「〜な人の特徴」.","Đời họ ổn, không thấy mình lệch chuẩn cũng không thấy bị đối xử bất công. Có một thói quen nhỏ vô hại chẳng ai để ý. Bấm vào vì TÒ MÒ, không vì đau. Chưa ai từng nói gì về thứ đó của họ — và có lẽ đó là lý do họ xem.",
nguoi-trung-nien-thu-gon-doi-song,Người trung niên thu gọn đời sống,,đang xem,Đời đang trôi khỏi tay tôi. Tôi cần một thứ mình còn cầm được.,"thấy đời nhạt dần, không biết bắt đầu từ đâu",một việc cụ thể làm được ngay chiều nay,"thấy đời nhạt dần · hay quên tên · sợ não già · sợ sa sút trí tuệ · nửa sau cuộc đời · thế hệ sinh 1970–80 · 50代 60代 70代 · tuổi hưu · vợ chồng tuổi già · ông bà và cháu · dọn nhà · 断捨離 bỏ bớt đồ · không nỡ vứt đồ cũ · phòng bừa không dọn nổi · đồ để dưới sàn · giấy tờ chất đống · sống tối giản · làm vườn · người giàu và thói quen dọn dẹp · nhà người giàu và nhà người nghèo · thói quen 3 phút · mỗi ngày 5 phút · 断捨離 · 片付けられない · 捨てられない心理 · もったいなくても · 物が多い部屋 · お金持ちの掃除・買わないもの · 65歳までに捨てるもの · 人生逆転した人の部屋. Có mốc tuổi nhưng chủ thể là đồ/phòng thì vẫn về tuyến này. · 人生後半 · 50代/60代/70代からの生き方 · nếu trở lại tuổi 50 · mười năm cuối · 死ぬ前に後悔すること · 子供に軽んじられず · 巣立った後 · 50代からお金持ち · Nietzsche, thấy đời nhạt. Dấu hiệu nhận: tiêu đề gắn mốc tuổi/quãng đời còn lại. ‖ PHÂN XỬ: tệp này hỏi “LÀM GÌ BÂY GIỜ”, không hỏi “tôi có sao không”. Dấu chắc nhất là tiêu đề hứa MỘT VIỆC LÀM ĐƯỢC NGAY (thói quen, cách, 5 điều nên bỏ) hoặc gỡ tội cho TUỔI TÁC (“chưa muộn”, “không phải do tuổi”). Cùng nói “phòng bừa” nhưng: xin được phép bừa → tệp “sống lệch nhịp số đông”; xin cách dọn được, hoặc bừa vì tuổi/vì đồ nhiều → tệp NÀY. Cùng nói “ở một mình” nhưng: sợ mình khác người → tệp 1; sắp xếp lại quãng đời còn lại → tệp này.","Nam nữ Nhật 48–62, phần lớn sinh 1970–1984 (thế hệ “băng hà việc làm”). Đã đi làm 25–35 năm, con đã lớn, nợ nhà gần xong, công việc đến trần từ lâu. Ba thứ đang xảy ra cùng lúc mà họ không kể với ai: cảm xúc nhạt dần, trí nhớ bắt đầu hụt, và nhà nặng dần vì đồ chỉ vào không ra. Xã hội nói với họ một câu nghe như quan tâm mà thật ra đóng cửa lại: “tuổi rồi mà”. Tệp duy nhất đối thủ cắm phễu bán hàng vào — họ đã xác định tệp này chịu chi, không chỉ chịu xem.","Nguồn: topytb/56-TEP-TRUNG-NIEN-PHONG-CACH-SONG.md + 55-BAN-DO-3-TEP. 91/629 video · view trung vị 6.143 (1,7× nền 3.536) · 12 video ≥100k · video cao nhất toàn bộ dữ liệu 776.074. Muốn nghe 3 nhịp, BỎ NHỊP ① LÀ HỎNG: ① được ghi nhận (“bạn đã chạy hết mình”) ② được gỡ tội tuổi tác ③ được cầm một việc cụ thể. ‖ Đã gộp vào đây hai đề xuất của máy — 'thấy đống đồ giữ đời mình lại' và 'sợ mình sửa không còn kịp' — vì tài liệu 56 đo chồng lấn kênh 57% giữa nhóm đồ đạc và nhóm tuổi tác, cao nhất trong 15 cặp, và kết luận đó là một người."
nguoi-cai-dau-khong-bao-gio-tat,Người cái đầu không bao giờ tắt,,bỏ,"""Tôi mệt rã người mà chẳng bệnh gì — đầu tôi cứ nghĩ mãi, không chịu tắt.""","kiệt sức, tự dằn vặt","được gỡ tội, yên trong đầu",考えすぎて眠れない · 不安な脳 · 過敏さ/HSP · 夜中の同じ時間に目覚める · うつではないのに疲れる · 心を開けない・心の鎧 · 3秒で鎮める · 自分を責める前に. Nếu tiêu đề nói về quên/trí nhớ → tuyến 'không còn tin cái đầu mình'; nếu nói về hiệu suất → 'cố nhiều mà ra ít'.,"Người nhạy cảm quá mức: nghĩ đi nghĩ lại, dễ khóc, lo vô cớ, đêm tỉnh cùng một giờ, mệt không rõ lý do, mang áo giáp nên khó mở lòng. Nỗi đau nằm ở hệ thần kinh và cảm xúc của CHÍNH họ, không phải ở trí nhớ, kết quả hay một kẻ nào khác.","Bỏ 04/09/2026: không phải một kiểu người. Bắt chọn lại khi chỉ còn 5 tệp chắc thì 100% trả về trống — phần lớn là hàng mẹo/tự-giúp chung, còn lại (“người không thể mở lòng với ai”) vốn là chân dung tệp 1."
nguoi-khong-con-tin-cai-dau-minh,Người không còn tin cái đầu mình,,bỏ,"""Đọc mãi không vào, tên người cũng quên — não tôi hỏng thật rồi sao?""","hoang mang, sợ hỏng",bằng chứng não sửa được,物忘れ · 名前が出てこない · 脳の老化・海馬の萎縮 · 脳年齢 · 頭の回転が遅くなった · 記憶力向上習慣 · 3日で40倍 · 300％向上 · 上位1％の脳ハック. Dấu hiệu nhận: triệu chứng suy giảm + hứa hồi phục có số liệu.,"Người đã thấy triệu chứng cụ thể ở đầu mình — quên tên, đọc không nhớ, đầu chạy chậm hơn trước — và sợ đó là lão hoá không cứu được. Họ không hỏi cách giỏi hơn, họ hỏi cách phục hồi.",Bỏ 04/09/2026: lát cắt của “trung niên thu gọn đời sống” — bắt chọn lại khi chỉ còn 5 tệp chắc thì 73% dồn về tệp ấy. Tài liệu 56 vốn đã xếp 物忘れ · 脳の老化 · 認知症 vào cửa vào của tệp trung niên.
nguoi-tu-te-da-can-suc-cho-di,Người tử tế đã cạn sức cho đi,,bỏ,"""Tôi nhường cả đời, mệt vẫn là tôi — tôi được phép dừng chứ?""","ấm ức, kiệt sức âm thầm",được cấp phép dừng lại,気を遣いすぎる · 優しい人が怒る時 · 天使が静かに消える · 境界線の作り方 · 許さなくていい · giúp mãi vô ích · thiếu thương từ nhỏ. Tiêu đề nói về HÀNH VI CỦA TÔI và quyền được dừng; nếu tiêu đề mổ xẻ/gọi tên đối phương → tuyến 'cảnh giác kẻ độc hại'.,"Người dịu dàng, để ý người khác tới mức quên mình, giúp mãi mà không được trả lại, hỏi 'bạn muốn gì' cũng không đáp nổi. Họ bấm để được CHO PHÉP ngừng và vạch ranh giới, không phải để phân tích kẻ kia.","Bỏ 04/09/2026: 80% trả về trống khi chỉ còn 5 tệp chắc, và 22 video của nó gần như đều từ một kênh (ちょっとダークな心理学) — tức là một lát của tệp “cảnh giác kẻ độc hại” chứ không phải tệp riêng."
nguoi-canh-giac-ke-doc-hai,Người cảnh giác kẻ độc hại,,đang xem,"""Tôi từng tin sai một người — lần này tôi phải đọc ra hắn trước và không để bị đè.""","cảnh giác, còn đau","mắt nhìn người, cách thắng","ずるい人・テイカー · 性格が悪い人が必ずとる行動 · 嫉妬のサイン · 話が通じない人 · 攻撃してくる人 · 無礼な人に勝つ · 非を認めない人 · lột mặt, người ruột rỗng · dark psychology. Tiêu đề trỏ vào NGƯỜI KHÁC; nếu trỏ vào việc tôi cho quá nhiều → tuyến 'tử tế đã cạn sức'.","Người đang sống cạnh một kẻ ích kỷ, lợi dụng, lạnh nhạt hoặc hay công kích. Họ bấm để GIẢI MÃ đối phương và có đòn đối phó, chứ không cần được vỗ về.",
nguoi-co-nhieu-ma-ra-it,Người cố nhiều mà ra ít,,bỏ,"""Tôi làm nhiều hơn họ mà kết quả kém hơn — chắc tôi chạy sai cách.""","sốt ruột, bất lực","một công tắc, công thức rõ",集中・zone · dopamine · 意志力 · 習慣化 · 成功者・お金持ちの習慣 · ngủ không hết mệt · video ngắn phá não · 'một tháng bật điểm'. Nếu tiêu đề nói 物忘れ/脳の老化 → tuyến 'không còn tin cái đầu mình'; nếu có mốc nửa sau đời → tuyến 'sợ không còn kịp'.,"Người đang cố gắng thật, không kêu bệnh cũng không kêu quên, chỉ thấy đầu ra ít hơn công bỏ vào. Họ muốn cơ chế và thói quen của người làm được để bật hiệu suất.","Bỏ 04/09/2026: không phải một kiểu người. 100% trả về trống khi chỉ còn 5 tệp chắc. Đây là đề tài thói quen/hiệu suất — chạy ngang qua nhiều tệp, không phải một tệp."
