Traffic source,Source type,Source title,Impressions,Impressions click-through rate (%),Views,Average view duration,Watch time (hours)
Total,,,2434,3.62,111,0:06:46,12.5299
YT_RELATED.kHRjJ1UN0tM,Content,決断できない人が見落としている「何もしないコスト」｜不作為・機会費用・現状維持から考える意思決定の心理学,0,,5,0:05:13,0.4351
YT_RELATED.YPGpK9LfUi4,Content,いつも自分を後回しにしてる人へ｜自分を満たすと人生が変わり始める5つの理由【心理学】,6,0,3,0:06:50,0.3423
YT_RELATED.7vtY6b_nC8s,Content,聞き流すだけで9割が気づけば眠ってる癒し雑学【総集編/睡眠用】 #雑学,0,,3,0:07:30,0.3756
YT_RELATED.JPaeKIQig18,Content,【雑学】知らないと損！実はIQが高い人ほど感じる違和感9選！頭が良すぎる人の特徴とは？,3,66.67,3,0:06:08,0.3074
YT_RELATED.T00pmxbaPDc,Content,【睡眠用】寝ながら聴ける雑学聞き流しBGM【リラックス】【総集編】,2,50,2,0:13:33,0.4517
YT_RELATED.lGhsr0zGZG8,Content,優しい人にしかできないさりげない行動9選【雑学】,1,0,2,0:01:31,0.0507
YT_RELATED.VM2vlCjyBSI,Content,【雑学】誰かに話したくなる9割の人が知らない健康や恋愛雑学を中心に面白い雑学を紹介【BGM、聞き流し、総集編】,2,0,2,0:04:55,0.164
YT_RELATED.VzFYhsv9r60,Content,【心理学と脳科学】レジで「お願いします」と言う人は,8,12.5,2,0:08:35,0.2861
YT_RELATED.lOXKVk6woRw,Content,【全部後から】氷河期世代が赦してないこと9選,26,0,2,0:05:45,0.1918
YT_RELATED.VFBxAZ6SPCs,Content,［実体験］”たった1ヶ月で”私の人生が激変した15の習慣をシェア🔑✨,0,,2,0:00:01,0.0008
YT_RELATED.KRLwOT7AtA8,Content,聞き流すだけで「9割が」いつの間にか寝てる優しい雑学【総集編/睡眠用】 #雑学,1,0,2,0:10:48,0.3604
YT_RELATED.-_mRyS7IBCI,Content,【勝手に分かった気になる】人から嫌われる人の特徴3選 #心理学 #自己理解,0,,2,0:00:27,0.0155
YT_RELATED.uoIaCwAHoS8,Content,【心理学】１人でキャンプできる人に共通する意外すぎる3つの特徴｜孤独が至福の自由時間に変わる理由,9,11.11,2,0:08:10,0.2723
YT_RELATED.MvdL5T1hfz0,Content,【雑学】衝撃！IQが高い人に見られる異常なクセ10選,3,33.33,2,0:08:57,0.2984
YT_RELATED.uT09dPQpgsk,Content,継続の価値は上がり、才能の価値は下がっている｜テクノロジーと認知が変える「成功の構造」,8,12.5,2,0:09:35,0.32
YT_RELATED.ENIuN1_xrsE,Content,徳を積んできた人が人生後半で一気に報われる理由｜神様の“徳貯金”が動き出す瞬間,0,,1,0:05:06,0.0851
YT_RELATED.jXRThaNTZ9s,Content,あなたが思う以上に自分が魅力的であることを示す特徴9選【雑学】,1,100,1,0:15:07,0.2522
YT_RELATED.4-93V34Xty4,Content,【実は、神様に呼ばれてます！】1人で神社に行く人に起こること 5選 ～次々と幸運が舞い込む！1人参拝のすごい効果と不思議な体験～｜話したくなる雑学 #雑学 #豆知識 #トリビア,0,,1,0:12:53,0.2147
YT_RELATED.hAg8BP9PS1U,Content,【再編集SP】高校野球の売上いくら？／稼ごうとしない高野連／1000億コンテンツの価値【小林至のマネーボール】,1,100,1,0:16:50,0.2808
YT_RELATED.pqDKXYnVf7E,Content,【どん底の意味】人生の激変と変容プログラム/人生の大転機に起こること,0,,1,0:17:07,0.2854
YT_RELATED.W966ZJQQ7yY,Content,【心理学】愛されなかった子の成功法則｜「まだ足りない」と自分を追い込む心の正体,0,,1,0:01:07,0.0188
YT_RELATED.XPIzSPWInLo,Content,【雑学】実はIQが低い人の特徴12選！頭が悪い人の共通点とは？,0,,1,0:06:21,0.1059
YT_RELATED.9jZyTmdyTL8,Content,【50代】なぜか美人扱いされる人の共通点/顔立ち以上に大切なもの/脳と肌の関係,9,0,1,0:01:22,0.023
YT_RELATED.5XYURQLkYrY,Content,家の掃除を最優先にする人々の脳,3,33.33,1,0:02:05,0.035
YT_RELATED.7IrAEIkhG4c,Content,【心理学と脳科学】自分から挨拶する人は,1,100,1,0:14:13,0.2372
YT_RELATED.wDaWpM7kh2g,Content,【期間限定】TVアニメ「片田舎のおっさん、剣聖になる」第1話 無料公開,1,100,1,0:00:06,0.0018
YT_RELATED.evA-fRPXYR0,Content,iPhone 3G,0,,1,0:11:36,0.1934
YT_RELATED.qk8rIFl7wWA,Content,百鬼夜行抄１～２話＆おまけ話,1,100,1,0:00:53,0.0148
YT_RELATED.ny0NIi-skPk,Content,【心理学と脳科学】年下に敬語を使う人ほど,1,0,1,0:00:22,0.0062
YT_RELATED.lVVUV6M0EtU,Content,嫌いな人が消える！変わる！同時に自分の波動も上がって人生激変【スピリチュアル】,0,,1,0:00:55,0.0155
YT_RELATED.mz3ZEn-DDdE,Content,承認欲求が無い人の特徴ｌ承認欲求が低い人の視点と考え方とは？【雑学】,0,,1,0:08:33,0.1427
YT_RELATED.Yyj8xUl-6aw,Content,鍵を閉めた記憶が信用できない理由 ｜確認するほど不安が強くなる脳の罠,0,,1,0:08:29,0.1415
YT_RELATED.zndk6t-q8MQ,Content,【時代のツケを払った】氷河期世代がかわいそうだと思っていること9選,1,100,1,0:12:00,0.2001
YT_RELATED.VgBIax0yD_c,Content,さよなら日劇・・ブルー・コメッツ　パート1,1,100,1,0:01:47,0.0298
YT_RELATED.qRkWLlPP7-A,Content,【まとめ/役立つ恋愛雑学】実は、女性は好意を伝えてくれた男性には…,1,100,1,0:16:53,0.2814
YT_RELATED.VMEiB5GSO7k,Content,実はもう心が限界…今すぐ休んだ方がいいサイン10選【心理学】,2,50,1,0:00:47,0.0131
YT_RELATED.YHfkzNhqwV0,Content,家族・警察・職場まで騙した極悪妻…証拠で全てひっくり返しました。,5,20,1,0:00:05,0.0016
YT_RELATED.O6z-WeeP6cc,Content,【もう間違えない】聞くだけで化けの皮が剥がれる質問6選｜信用していい人・避けるべき人が一瞬でわかる【人間関係雑学】,0,,1,0:08:16,0.138
YT_RELATED.exLnNZxPPlg,Content,※「怒ったり嘆いたりせずに見てください..」視聴ユーザー7億人。市場規模1兆円。快楽と科学技術によって人間が自発的に家畜化された社会が現実になる中国ショートドラマの光と影【岡田斗司夫/切り抜き】,1,100,1,0:00:56,0.0157
YT_RELATED.YeoCJg6HS7M,Content,炭鉱から観光へ、そして破綻へ～夕張財政破綻問題～前半,2,50,1,0:00:03,0.001
YT_RELATED.Nf1DkjOMOLM,Content,【人は人、自分は自分】幸福な無関心者が到達している神メンタル【雑学】,0,,1,0:13:50,0.2308
YT_RELATED.vyCWY8r_hqY,Content,お腹の脂肪がスルスル減る人の意外な特徴10選,3,0,1,0:10:28,0.1746
YT_RELATED.kbNwafbpEcA,Content,【雑学】人間関係で本当に見るべき7つのポイント【本質を見抜け】,0,,1,0:17:07,0.2855
YT_RELATED.5PBQYZ4jYIM,Content,本当に優しい人が見ている他人を観察する場所9選【雑学】,8,12.5,1,0:13:50,0.2307
YT_RELATED.AxOJfqcPpdw,Content,ウルトラマン~ウルトラマン80 戦闘BGM メドレー / Ultraman ~ Ultraman 80 Battle BGM Medley - Cover,1,100,1,0:16:38,0.2773
YT_RELATED.Lxlk3jKdEOk,Content,10分でわかる「思考は現実化する」ナポレオン・ヒル,0,,1,0:00:00,0.0001
YT_RELATED.-wRAeKdmgAE,Content,【75歳から85歳】この「6つ」ができる人は、本当にすごいです！,2,50,1,0:00:21,0.006
YT_RELATED.SUUARlEeIRI,Content,【聞き流し】誰かに話したくなる健康雑学【作業用】【総集編】,0,,1,0:00:14,0.0039
YT_RELATED.b4aopkHju7o,Content,無敵の人に関する為になる雑学,1,100,1,0:00:13,0.0037
YT_RELATED.N0SnWck3cQY,Content,【心理学】登山が好きな人に共通する意外すぎる6つの特徴｜科学が証明した真実,1,0,1,0:00:09,0.0025
YT_RELATED.ex-GIQSFBhU,Content,【聞き流し・睡眠用】科学的根拠でモチベ爆上げ！筋トレ雑学24連発,2,0,1,0:00:46,0.013
YT_RELATED.9t2WPHTS2rA,Content,【雑学】IQが高い人に共通する異常なクセ,0,,1,0:08:33,0.1427
YT_RELATED.9Km3DSnW9rI,Content,【聞くだけでぐっすり】知らないうちに疲れがほぐれて眠れる雑学,0,,1,0:01:04,0.018
YT_RELATED.F5zI8DRv0Sw,Content,【雑学】60代で「美人に見える人」の意外な共通点5選。顔立ちより大切なもの【心理学】,0,,1,0:13:08,0.219
YT_RELATED.d2-lgQmrCNQ,Content,【聞き流し】体脂肪率30%超えの女性はコレをやめないと永久に痩せません【知って得する健康雑学】【ダイエット】【総集編】【作業用】,5,20,1,0:05:38,0.0939
YT_RELATED.KE20DeBnGuQ,Content,【本当の知性】IQとEQが極めて高い人だけが持つ「異次元の思考」5つの特徴,3,0,1,0:06:40,0.1111
YT_RELATED.KprZj0lNbFs,Content,努力が止まらなくなる条件｜行動を加速させる動機と環境の関係,8,0,1,0:13:50,0.2308
YT_RELATED.Yf1QxZSuW-I,Content,【期間限定】『大巨獣ガッパ』（1967）＜Tシャツ発売中＞,1,100,1,0:01:15,0.021
YT_RELATED.2XgSHYoNajs,Content,【こうなった時】対処法教えましょうかね,1,100,1,0:03:42,0.0618
YT_RELATED.l_ZN4XJAMWQ,Content,【雑学】誰かに話したくなる9割の人が知らない健康や恋愛雑学を中心に面白い雑学を紹介【BGM、聞き流し】,0,,1,0:08:37,0.1438
YT_RELATED.PdFNMv_AjmE,Content,【スカッと】建築業の大手取引先の社員が「下請は休むな」「取引中止にするぞ」→「取引中止だ全部ぶっ壊せ」「え」【漫画】【アニメ】【スカッとする話】【2ch】,0,,1,0:01:19,0.0221
YT_RELATED.xxmPSw3kmW4,Content,あのちゃんこれは流石にヤバいだろ…,3,33.33,1,0:14:15,0.2377
YT_RELATED.qv2nMW6qnhw,Content,【スカッと】取引先の10社の担当が「納期半分にできないなら全社の取引終了する」→「納品する予定ないですが？」「は！？」受注してないと【漫画】【アニメ】【スカッとする話】【2ch】,1,100,1,0:01:42,0.0284
YT_RELATED.f29-xKdODns,Content,【注意】人は嫌いな相手にだけ、本当の性格を見せます,0,,1,0:00:01,0.0004
YT_RELATED.3yq382NHpg8,Content,人類はどうやって鉄を見つけたのか,2,50,1,0:01:48,0.03
YT_RELATED.iCjizLerhvU,Content,108さん【適切性と一致する】完全解説してみました❗️,0,,1,0:05:35,0.0933
YT_RELATED.43F4Nq0OVXY,Content,【心理の雑学】人を見る目がある人は、問題のある人にこう対処する,0,,1,0:00:17,0.0047
YT_RELATED.Fv4nxUsRBUg,Content,知っていたなら得する恋愛雑学,2,0,1,0:00:26,0.0073
YT_RELATED.LJz2t-_cgIo,Content,【老後の答え合わせ】かつて氷河期を嘲笑った「勝ち逃げ世代」が直面する孤独と後悔の現実9選【雑学】,3,0,1,0:05:34,0.0929
YT_RELATED.XOzE5vHMnLE,Content,【行動心理学】優れた頭脳を持つ人が「絶対に他人に求めない」1つのこと,1,100,1,0:00:22,0.0063
YT_RELATED.ZQ1vecHKbnQ,Content,『シャイニング』や『IT』の原作者スティーブンキングの裏の顔。“恐怖の帝王”の凄さを徹底解説【岡田斗司夫 切り抜き サイコパス 映画 】,1,100,1,0:10:35,0.1765
YT_RELATED.rXI8a8e1xe0,Content,【新事実判明】アルカナ、大王エクレールを倒すため自ら闇堕ち...に対する反応集【プリキュア反応集】【名探偵プリキュア】【たんプリ】【第30話 「エクリプス・シャドウ」】【キュアアルカナ・シャドウ】,7,14.29,1,0:05:28,0.0914
YT_RELATED.Kj52gAyl8ko,Content,【雑学】実は1960年代生まれの異常な特徴５つ,2,50,1,0:00:45,0.0127
YT_RELATED.Nosaxg9rFwM,Content,可愛い幽霊がミニスカートだったので全力で覗いてみた【不思議な話/ボイスドラマ】,3,33.33,1,0:17:07,0.2855
YT_RELATED.gvyfPUR1R8k,Content,実はマジで超幸福な人７選〜早く気づけば人生が楽になる〜,4,0,1,0:00:42,0.0118
YT_RELATED.Vn9UCce3LWk,Content,聞き流すだけで9割がスッと眠れるやさしい雑学【総集編/睡眠用】 #雑学,0,,1,0:17:07,0.2855
YT_RELATED.qT5_tgCaofs,Content,期待に応え続けると自分を失い、全体主義に加担するかも｜社会に飲み込まれないための、期待を裏切る勇気,14,7.14,1,0:17:07,0.2855
YT_RELATED.mQXYz8II4Dg,Content,【脳科学】ニュースを全く見ない人に隠された「特別な能力」｜情報断食がもたらす圧倒的な心の平穏,0,,1,0:15:15,0.2544
YT_RELATED.I7z0LosJKhI,Content,【雑学】一人旅に何度も行く人の特徴,0,,1,0:17:07,0.2855
YT_RELATED._QmTmtWuYPo,Content,凶悪犯罪者も発狂する史上最狂の刑務所がこちら...,1,100,1,0:08:35,0.1432
YT_RELATED.cUx7ErONaVI,Content,幸福はどこに宿るのか｜ポジティブ心理学が見つけた人生の土台,0,,1,0:17:07,0.2855
YT_RELATED.ml0jazgQEk8,Content,限界の夜にどうしても回鍋肉が食べたい日。【大食い女の日常】【大食い】【モッパン】,1,100,1,0:00:52,0.0144
YT_RELATED.t1TQ7HCyPTE,Content,「何もしたくない」は正しい。何もしたくないと感じる人の脳で、静かに起きていること【脳科学・心理学】,6,16.67,1,0:17:07,0.2855
YT_RELATED.Vts8zb68r8A,Content,【60歳以上必見】この運動をしている人、命に関わります。寿命が縮む５つの運動,2,50,1,0:17:07,0.2855
YT_RELATED.OUw_y65HtUg,Content,【パクリ】北電子が怒った台とは？ジャグラーによく似た台を集めました。,2,50,1,0:10:03,0.1676
YT_RELATED.jlZYrdLK4DY,Content,【ゆっくり解説】ライブ配信中に自〇したキャバ嬢MINAをゆっくり解説,2,50,1,0:09:27,0.1576
YT_RELATED.-9V3DAmqoHg,Content,【まとめ/恋愛雑学】実は、アソコを舐められた女性は…,0,,1,0:01:14,0.0208
