Traffic source,Source type,Source title,Thumbnail impressions,Thumbnail click-through rate (%),Views,Average view duration,Watch time (hours)
Total,,,1563,2.69,55,0:06:13,5.4012
YT_RELATED.PDbhIRR9kwg,Content,【祟りか?】『平将門の首塚』に抱きつく迷惑配信者→その2日後とんでもない事に【ゆっくり解説】,19,0,,,
YT_RELATED.GJjYlTjNV8g,Content,【心理学】1人の時間を好む人ほど「メンタルが強い」驚きの理由。脳科学が明かした静かな力の正体。,17,11.76,2,0:14:34,0.486
YT_RELATED.3JS5WCOp5G4,Content,【海外の反応】日本のオタククリエイターが海外に行かない理由が海外でミームしてたｗ,9,0,,,
YT_RELATED.VolpY3RqNI0,Content,【漫画】一瞬で縁が切れる！どれだけ親しくても絶対に言ってはいけないこと7選,9,11.11,1,0:00:34,0.0097
YT_RELATED.lqmFj3Yw394,Content,【完全版】8年尽くし、彼の会社も心も支えた。婚約当日、私が「愛人」だったと知った。#短劇 #切ない #裏切り #不倫 #浮気 #婚約 #愛人 #ざまぁ #復讐 #中華ドラマ #260614cfB2,8,0,,,
YT_RELATED.q9ZqdX-rKO8,Content,新婚初夜、初めて夫と同じベッドに入ろうとしたとき、彼の背中一面に初恋の女性の名前が刻まれているのを見つけた。気持ちは一気に冷めた。「私と彼女、どちらを選ぶの？」と聞くと、彼はその場で激怒した,7,0,,,
YT_RELATED.sVy8w_PSsyw,Content,她因一場誤會親手推開深愛的男友！六年之後相親桌上兩人猝然相遇，昔日戀人搖身變成集團老闆，表面冷漠疏離心裡卻從未放下，嘴硬别扭偷偷追妻，解開誤會終於破鏡重圓！,6,16.67,1,0:01:03,0.0177
YT_RELATED.4SprJOnxZ9k,Content,【海外の反応】「日本なんて知らない方がよかった！」20か国以上旅したフランス人女性が初来日！絶品日本食と激安フレンチに感激！帰国後猛烈日本ロスで母絶叫のあり得ない行動にw,6,0,,,
YT_RELATED.1yuN99SyDNk,Content,𝔹𝕃ℂ𝔻 | 恋愛前夜= 小野友树x寺岛拓笃,6,16.67,1,0:02:49,0.0472
YT_RELATED.9pNB13KuOsQ,Content,コメ業者「去年の10倍くらいある」→倉庫いまだにパンパンな模様,6,0,,,
YT_RELATED.MpcdS_JlqbA,Content,【一触即発】女子の定義を巡って論争の渦中にある女子バスケリーグを観戦しにいった元NBA選手エネスカンターフリーダムが会場から追い出される！リーグ関係者が語るリーグの方針とは・・・,5,20,1,0:05:46,0.0963
YT_RELATED.kHRjJ1UN0tM,Content,決断できない人が見落としている「何もしないコスト」｜不作為・機会費用・現状維持から考える意思決定の心理学,5,0,,,
YT_RELATED.hvK1EUu4kY0,Content,祝賀会で夫は女秘書の嫌がらせを黙認し「やり返したら離婚だ」と脅した。私は即座にやり返し、離婚協議書に署名、三百二十億円案件の設計利用を止めた,5,0,,,
YT_RELATED.vHpHHUmkUMw,Content,【この動画はすぐ消すかも】「この方法でポルノやめたら、男も女も300%人生激変した。地上波では報道されることのない、残酷な真実。脳が壊れるインターネットポルノ依存症」【本要約】,5,0,,,
YT_RELATED.21XqrBwxCIM,Content,親子で料理！笠原家の【ソース焼きそば】を作ってみた,5,20,1,0:00:01,0.0005
YT_RELATED.H_C55JZFzDw,Content,「頭に常に負荷をかけろ」賢さを作る習慣と10年後に差が出る思考の視点【岡田斗司夫/切り抜き/サイコパスおじさん/岡田斗司夫セミナー/人生相談/論理的思考】,4,0,,,
YT_RELATED.hPTY1UT_fuE,Content,元彼の初恋相手が帰国した日、私は社員全員の前で解雇された――その午後、ライバル会社の面接へ。CEOは私の履歴書を見るなり電話を取り、「父さん、お見合いは中止だ。結婚したい人を見つけた」,4,0,,,
YT_RELATED.WOmJma2QD4U,Content,【Number_i】東京ファンミDAY2！平野紫耀がまさかの「恋リア出たい」発言!? 新ギャルポーズ爆誕！？会場大盛り上がりの最新レポ！,4,0,,,
YT_RELATED.hL8p1vSRttE,Content,マヤ暦大みそか来る！あなたの運気がぐんぐん高まる金運アップアクションをご紹介【8月26日】,4,0,,,
YT_RELATED.8S42dlSZlI4,Content,【衝撃】マクドナルドを食べたら血糖値はどれくらい変わるのか？医者が自分で検証してみた。,4,0,,,
YT_RELATED.dR8fA42KTCY,Content,【脳科学】一人でいても寂しくない人の脳が、実は「最も成熟した脳」である理由,4,25,1,0:09:38,0.1607
YT_RELATED.KgtkvLNm5bU,Content,💥全話フル💥【日本語吹き替え】婚約者に捨てられ6年！イケメン御曹司の弟に愛され復縁を迫るクズ元カレを叩き潰しに行く！,4,25,1,0:00:32,0.009
YT_RELATED.2ZCaiCiIoIs,Content,【Number_i】 ファンミ2日目レポ！ 恋愛話で大盛り上がり！平野くん、恋愛リアリティーショー出たいんだよね！,4,0,,,
YT_RELATED.Vg6Vo4F9TgQ,Content,2011年、女子刑務所の密室で同時に妊娠した7人の女囚… 15年後、永久密封された患者服から発見されたカフスボタンの衝撃的な真実,4,0,,,
YT_RELATED.LqcoZcPuZYU,Content,蛇王厭惡所有女性靠近，唯獨允許這名女僕靠近……她，就是他命中註定的愛人。,4,0,,,
YT_RELATED.AdqWXqK5xms,Content,Number_i東京ファンミ初日徹底レポ✨❗珍回答・キロット先生・客席かくれんぼ…“iLYsとの距離”が近すぎた✨❗3人がiLYsに見せた素顔Numbers Ur'26✨❗#number_i,3,0,,,
YT_RELATED.79y8K0tUfag,Content,[Tập 1-10] Bảo bối ngốc nghếch của anh - Hoạt hình boylove,3,0,,,
YT_RELATED.u6lJHB_EZ9A,Content,スズキe-SKYがついに登場!! 圧倒的スペック公開→BYDラッコにまさかの逆風ww,3,0,,,
YT_RELATED.oYneHF5QlzQ,Content,やはり我慢できなかった女刑務官と受刑者達の末路,3,0,,,
YT_RELATED.2FCjS7sQMdo,Content,【宿根草】秋植えの宿根草選びの参考に🤗/猛暑・乾燥の中でも、次から次に咲いてくれた宿根草特集‼️こんなに放任でも、こんなに綺麗に咲いてくれるの？！夏の強さは、宿根草選びの重要ポイント【ガーデニング】,3,0,,,
YT_RELATED.wn7O3h1jCCg,Content,【放送事故】太田光の問題行動に遂に国が動いた,3,0,,,
YT_RELATED.da0USChz4H4,Content,女子部屋【ゆりなのお部屋＃064】@,3,0,,,
YT_RELATED.xmUNvcmKDwc,Content,【トリックアート】猫にドッキリを仕掛けてみた！まさかの結果に!!,3,0,,,
YT_RELATED.JRf54nFsqD0,Content,会社のオンライン会議で、うっかり上司を「旦那」と呼んでしまった。幼なじみの社長は眉を上げて――「奥さん、何か用？」,3,0,,,
YT_RELATED.ovBnubFTJv8,Content,【預言】これが最後の時代になりそうです,3,0,,,
YT_RELATED.D5gVUDo5o4g,Content,【※8月28日まで】本日は最強満月です。運気をあげたい人はこの動画を最後まで必ず見て下さい。｜教訓｜覚醒｜宇宙の法則｜目覚め,3,0,,,
YT_RELATED.UaZ-LowTlkw,Content,【睡眠削る意味なし】ショートスリープして6~8時間筋トレしても無駄な理由,3,0,,,
YT_RELATED.CpZD3WTj8xA,Content,日本の海に起きた異常。大量絶滅が始まるかもしれません【 都市伝説 】,3,0,,,
YT_RELATED.WouVPpPMOVk,Content,【海外の反応】胡蝶しのぶvs童磨！映画開始早々に鬱展開を食らう姉妹ネキ part1【鬼滅の刃 無限城編】,3,0,,,
YT_RELATED.lEo66cYy3Ts,Content,【私のダイエット方法】仕事で忙しい人でも減量できる方法教えます,3,0,,,
YT_RELATED.UB-YoxvnN5Q,Content,【筋トレは「休む」が9割】 40代からは「休んだ方が」筋肉がつく。その科学的理由,3,0,,,
YT_RELATED.ebBY4vyLSXY,Content,田中角栄の凄さが分かるスピーチ#総理大臣#中卒#心に刺さる#名言#聞かなきゃ損,3,33.33,1,0:00:07,0.0022
YT_RELATED.DlsfO43KmcU,Content,妻を全員の裏切った感想,3,0,,,
YT_RELATED.sBQEyuT7p1s,Content,【本当に最悪】はやせにかけられた呪い,3,0,,,
YT_RELATED.V4QjIgnfBu0,Content,【配信直後 世界1位】見下されていた清掃員、実はAI級の頭脳を持つIQ160の天才だった,3,33.33,1,0:02:41,0.0448
YT_RELATED.wNaPaVtgvxc,Content,"立ち退き補償金4,000万円を受け取った義母は、3,500万円の家を末っ子に買い、私たちには100万円だけ渡した。ところが後日、スーツケースを持って現れ、「これからは親孝行して私の面倒を見なさい」",3,0,,,
YT_RELATED.d6i4AtCxrDo,Content,Hump Back - 「拝啓、少年よ」Music Video,3,0,,,
YT_RELATED.qPCwZdS4QhM,Content,イッキ見【壊れかけた夫婦の再生ストーリー】長崎さゆり傑作集11,3,0,,,
YT_RELATED.BLrSTCJkIVk,Content,【いつも機嫌がいい人の小さな習慣①】お金と人間関係の悩みを毎日の習慣で解決！,3,0,,,
YT_RELATED.9ckEhqUV2xI,Content,※これが「X JAPAN」YOSHIKIの正体でした…※YOSHIKIに割り箸を渡してしまった、北村弁護士の最大の失敗談です…消される前に大至急見てください,3,0,,,
YT_RELATED.ZmEqYrDolYw,Content,【恋愛】田舎娘との電撃結婚――新婚初夜、彼女の一言に財閥御曹司は凍りついた！| 感動する話 | スカッとする話,3,0,,,
YT_RELATED.NIMa3fGN7vQ,Content,【激辛ポテチで救急搬送】バズ動画をマネした学生の悲劇５選,3,0,,,
YT_RELATED.mVqRj7lSrI4,Content,不倫相手「結婚する前から7年間セ◯レでした」,3,0,,,
YT_RELATED.8E60MMPyTkA,Content,【2ch動物スレ】表彰式中に校長が退出→直後に猫が来てマイクで喋り始めるｗｗｗｗｗ,3,0,,,
YT_RELATED.0ydsrIqQ_OU,Content,【異世界漫画】捨てられた私を待つのは、静寂か、それとも波乱の商売戦線か！？1~26【マンガ動画】,3,0,,,
YT_RELATED.QO-OcHGpK8U,Content,【海外の反応】日本の鳥人間コンテストが大人気！外国人から賞賛が止まらない理由,3,0,,,
YT_RELATED.cyaws7TQgFY,Content,※日本人の６割は本を読まない。とんでもない本が出ました。目次だけでも強烈です。【岡田斗司夫/稲田豊史/切り抜き】,3,0,,,
YT_RELATED.YzgRtv6d7rg,Content,【スカッと】元請けのパーティーに行くと「下請けは犬だから骨なｗ」「嫌なら受注するな」→「二度と納品しません」「いるかバカｗ」その場で契約解除して帰ると…【漫画】【アニメ】【スカッとする話】【2ch】,2,0,,,
YT_RELATED.ybqlfW8tFqM,Content,【ひろゆき】辞める前に知っとけ！仕事辞めたい…疲れた20代30代へ【ひろゆき切り抜き パワハラ 人間関係 仕事行きたくない 会社辞めたい 辛い】,2,0,,,
YT_RELATED.7GYHKBpDgEQ,Content,【学校では教えてくれない】1日15分で2倍覚えられる！スタンフォード式暗記術  【東大理三卒・元鉄緑会講師】,2,0,1,0:00:21,0.0061
YT_RELATED.R5yEMFmo1sU,Content,【性教育】なつえりさん登場！！,2,0,,,
YT_RELATED.dIPLsgcEhDA,Content,【影響力の武器①】ビジネスや恋愛に使える社会心理学の名著！なぜ人は動かされるのか？,2,0,,,
YT_RELATED.Me87TzaNF4s,Content,【願望実現の裏技】「既にある」がわかれば簡単、潜在意識の本当の使い方,2,0,,,
YT_RELATED.ihROUOcKn68,Content,【看護師転職】病院から企業へ！看護師が「3〜5年目」で転職すべき本当の理由,2,0,,,
YT_RELATED.VXlE3c0gqb0,Content,【漫画】他で語られていない、定年後に始める特別な趣味5選！60代から世界が広がります…,2,0,,,
YT_RELATED.9VvtjkftZjQ,Content,"【真の勝者は敗者だった】CD・DVD・Blu-ray規格戦争――ディスクを絶滅させた""兵器""は、負けた東芝が作っていた【ゆっくり解説】",2,0,,,
YT_RELATED.FkYDxRr5558,Content,【自己肯定感】誰でも自分を好きになれる！人生が楽になる言葉と習慣【Update版】(Self-esteem),2,0,,,
YT_RELATED.dmUDvG_0whY,Content,【姑との和解でガンが消えた】癒やしの精舎 千葉正心館で起きた祈願の奇跡【事例紹介】,2,0,,,
YT_RELATED.mqzi7xTd3BQ,Content,人情溢れる店なのにぼったくり【アニメ】【コント】,2,0,,,
YT_RELATED.E3Zk2270um8,Content,ONE PIECE｜映画｜超特報,2,0,,,
YT_RELATED.x6kKH4NA4Qk,Content,【漫画】二郎系ラーメンが生きがいのヤニカス女のリアルな生活。週3で二郎系ラーメン…タバコは1日1箱…【メシのタネ】,2,0,,,
YT_RELATED.NNfhSHSmgeg,Content,妻の入院中旦那友達3人に裏切られ怒りを衝撃の展開に...見るに堪えない,2,0,,,
YT_RELATED.8IUUPDN-GkM,Content,結婚式直前、婚約者が「愛人の子を戸籍に入れるため先に彼女と入籍した」と告白。私は式をキャンセルせず新郎だけ替えた――当日、御曹司の登場に元婚約者が崩れ落ちた,2,0,,,
YT_RELATED.QHIdEEkxOL8,Content,超人気占い師 赤井カラスが語る絶対に幸せになれる方法がYouTube史上最もためになった【 ウマヅラビデオの怪しい密会 対談 】,2,0,,,
YT_RELATED.XDVbcUznC2o,Content,『赤毛のアン』が「奇跡」の傑作である理由。,2,0,,,
YT_RELATED.NPhXrErvjd0,Content,おもしろすぎて眠れなくなる睡眠の話｜睡眠学者/柳沢正史,2,0,,,
YT_RELATED.wNT0Oc63T8w,Content,【自然に聞けてたらマジでヤバい】モテる話題とその聞き方,2,0,,,
YT_RELATED.1GYmOQJHNos,Content,逆に人生で執着するべきこと【グレーな心理学】,2,0,,,
YT_RELATED.JKJIRzbvxbc,Content,【海運3社比較】もう天井？日本郵船・商船三井・川崎汽船の事業構造の違いとは？/株価爆伸中の海運株、今後どうなる？/通期利益3倍の「ONE」が営業利益に乗らない仕組み【元機関投資家が解説】,2,0,,,
YT_RELATED.U6GHkySxVZs,Content,"【初心者向け】Bambu Lab A1 mini でわかる ""はじめての印刷"" 完全ガイド！【3Dプリンター入門】",2,0,,,
YT_RELATED.82PyHUvoXuM,Content,夫に捨てられた妊婦が7年後、天才双子と女王になって帰還！財閥一家への華麗なる復讐劇が今、始まる。,2,0,,,
YT_RELATED.zlh6gZH_fXI,Content,8月27日マヤ暦新年〇〇しないと大損！財が拡大する金運行動🌈,2,50,1,0:04:41,0.0781
YT_RELATED.Zrdz5-Cv6_s,Content,衝撃の極貧生活が明らかに…令和のホームレス中学生発掘!『チャンスの時間 #373』ABEMAで最新話無料配信中 #千鳥,2,0,,,
YT_RELATED.oF3l3tZ1dUw,Content,あなたを縛る見えないプログラムを解除する方法,2,0,,,
YT_RELATED.hR4zMLMo3oc,Content,【スカッと】大手取引先の建設現場の職人から「弁当100人分キャンセルでw半額なら続けてやるw」→直後「良かった！ありがとう」　「え?」実は…【漫画】【アニメ】【スカッとする話】【2ch】,2,0,,,
YT_RELATED.magJ1f8uNsk,Content,【相手の本能を上手に揺さぶる】好きな人を落とすには,2,0,,,
YT_RELATED.PHIvIUd-Zls,Content,650人の『カラクリ』が判明！ #秋篠宮夫妻 のパラグアイ訪問に高知県が参加!,2,0,,,
YT_RELATED.lt6l6em22VU,Content,つまらないことはなぜうまくいかないのか、背景にある3つの理由,2,0,,,
YT_RELATED.obuykN8TCdY,Content,【やりたいことの見つけ方】中田敦彦のYouTube　倍速まとめ【聞き流し・作業用BGM】,2,0,,,
YT_RELATED.IG4SVorVtVI,Content,【妻・彼女のトリセツ①女性脳と男性脳】脳科学者が教える「理不尽な女性」との上手な付き合い方とは？,2,0,,,
YT_RELATED.cZ8e-Jr_ruQ,Content,【脳科学】複数人での会話が苦手なのは、脳が優秀な人の特徴である。,2,0,,,
YT_RELATED.9FGW1lyA1Oo,Content,客観的に推理すると、自分が犯人になっちゃう探偵,2,0,,,
YT_RELATED.ncxHdRu1ZI0,Content, 【97歳】人生初！デイサービスを見学してきました,2,0,,,
YT_RELATED.650MS2g9_7g,Content,【捨て活】シウマ直伝！琉球風水で運気を整える／手放すべきモノと整理整頓のコツ,2,0,,,
YT_RELATED.tGJbJSP9q30,Content,「絶対にこんな映画観ません。」実写版「ゼルダの伝説」ファーストルックが任天堂から発表され騒動再び！トランスジェンダー女優ハンターシェイファーが起用されていないことにまた活動家らが怒りの声をあげてしまう,2,0,,,
YT_RELATED.FV3e6Y7B32I,Content,Ωは毎晩、帰りの遅い三つ子のαのために玄関の灯りを一つ残しただけ――それから三人は、どんな仕事があっても必ずその灯りが消える前に帰るようになった,2,0,,,
YT_RELATED.dogy5TPyXyo,Content,【材料2つ】レンジで3分！買うより安くて旨い！タッパーそのまま水ようかん作り方！,2,0,,,
YT_RELATED.ZBAnpp2MksA,Content,当てはまる人は要注意！ストレスでメンタル病んで人生を崩壊させる前に必ず見てください【ひろゆき 切り抜き うつ病】,2,0,,,
YT_RELATED.ikXasdk0Jx8,Content,【休日ルーティン】独身1人暮らしで結婚できないで男。自粛でも節約貯金のため自炊、料理！【1日1食】,2,50,1,0:10:11,0.17
YT_RELATED.urn4hX1CVIY,Content,【7つの習慣】不滅のキングオブ自己啓発本！成功の鍵は継続することにあり！【Update版】(The 7 Habits of Highly Effective People),2,0,,,
YT_RELATED.JgIBMjqDTpE,Content,『エイペックス・プレデター』！R指定の痛快アクション！アクション女王シャーリーズ・セロン主演！極限状態で最凶の変態を返り討ち！,2,50,1,0:05:21,0.0894
YT_RELATED.BBvz3mSQZWI,Content,何歳からでも磨ける！成功者が必ず持っている「ある能力」！/ 100日マラソン続〜1963日〜,2,0,,,
YT_RELATED.pXr-3EOcOtQ,Content,【multisub][anime]💖《替哥进团后我成万人迷了》第1季全集✨✨✨为了替哥哥完成梦想女扮男装！混进顶流男团后直接爆火，六位高冷队友全员沦陷？！,2,0,,,
YT_RELATED.vcvnDDOtLbQ,Content,【スカッと】内定者懇親会で部長に「中卒のバカは1人で飲んでろ」→「俺、社長だぞ?」「なら会社潰してみろ」会社潰して全員解雇したら【漫画】【アニメ】【スカッとする話】【2ch】,2,0,,,
YT_RELATED.2ayMdDOocqk,Content,【保存版】「パチスロで有名になった」版権ランキング大発表【アンケート企画】,2,0,,,
YT_RELATED.Ln1koCxqDQ4,Content,人類はなぜ人間関係の悩みから抜け出せないのか？スポーツドクター 辻秀一,2,0,,,
YT_RELATED.aPTtIxnNgnc,Content,【海外の反応】海外でバズった「日本語が難しすぎる」動画に外国人困惑 @daijirojp,2,0,,,
YT_RELATED.Bc_8kOnSJBs,Content,最弱Lv1を装う元英雄、千年後の異世界で無双する ～実はLv150の規格外冒険者～,2,0,,,
YT_RELATED.WermhY2dF5Q,Content,人は、なぜ眠るのか。｜三島由紀夫｜睡眠｜この世の法則｜人生哲学｜,2,0,,,
YT_RELATED.Mht1wUtL4Wo,Content,【漫画】親会社の親睦会で平社員の俺を貶すエリート上司。幼馴染の女社長たちと差がついたと笑われたが…,2,0,,,
YT_RELATED.knokY1UDmDQ,Content,念願の日本のラーメンを食べに行ったら...予想外の展開で衝撃が止まらない!😳,2,0,,,
YT_RELATED.Ujsl8Pq4Sao,Content,【白内障手術の後悔】「医者に任せれば安心」が危険な理由！眼内レンズと狙い度数の落とし穴【白内障ラボチャンネルの番外編『ラボチャンradio』】,2,0,,,
YT_RELATED.uWDzu2PVgTQ,Content,ヤ◯ザ不倫突撃で完全に一線を越えました。,2,0,,,
YT_RELATED.thQWqRDZj7E,Content,"バッハ「G線上のアリア」　Bach ""Air on G String""",2,50,1,0:14:11,0.2366
YT_RELATED.DP3JERnes8c,Content,【せふれ量産】簡単にヤレる最強の習慣5選,2,0,,,
YT_RELATED._lth9xa4elk,Content,Hyper Police Op,2,0,,,
YT_RELATED.qucvrznWxZg,Content,秋冬野菜の土作りをしながら夏野菜を育てる　26/8/26,2,0,,,
YT_RELATED.o29PrLHCeM4,Content,気持ち良くなるために挿入はこうして欲しい🩷,2,0,,,
YT_RELATED.B9DHQy7bUyA,Content,【たるみグマ】消し方や使うアイテムのOK⭕️NG❌を69歳美容ジャーナリストが徹底解説！だる〜んとたるんだ目元、やり方を間違えるとオバ見えしちゃいます💦【徹底解説】,2,0,,,
YT_RELATED.2IujP96dAkc,Content,【海外の反応】「また日本アニメに救われたのか・・・」日本人のガルパンファンが救った感動エピソードとは！？海外で数々の伝説を残したアニメが、実は当初の評価が低かった理由,2,0,,,
YT_RELATED.DFotAIIJA2g,Content,【沈黙の総裁】なぜ武闘派ではない男が、関東最大の組織を束ねられたのか？住吉会・西口茂男の冷徹な人身掌握術と、山口組トップが平伏した真の理由,2,0,,,
YT_RELATED.IGLf-WP8HUU,Content,【LIVE】玉城デニー再々戦に黄色信号。下地幹郎不出馬の影にシゴデキの影。令和の紀伊国屋の泣き言｜メルマガ「赤根智子」「みやチャン・ニュース・ライブ」（令和８年８月２６日　１６：００分〜）,2,50,1,0:03:13,0.0536
YT_RELATED.wBGF5FUAZgw,Content,他人の評価、人からどう思われているか気になる、他人の視線を気にしすぎる、嫌われるのが怖い、苦しい。相手に気をつかいすぎてしまう。どうしたらいい？,2,0,,,
YT_RELATED.A5zC_m0Z8YM,Content,休みの日も仕事が気になってメンタルが疲れやすい人にガチで言います…自分の人生より会社のことを気にする必要ないんですよね【ひろゆき切り抜き】,2,0,,,
YT_RELATED.Um73i4PtXos,Content,【年末特別SP】世界3億人の心を響かせた他人のために本気で怒る日本人 #感動する話 #泣ける話 #ほっこりする話,2,0,,,
YT_RELATED.cG-IouthJwc,Content,【スカッと】出資開始から全く連絡しない取引先「出資1億ごときのゴミ会社は後回しw」→契約更新日が来たがこちらも放置すると「本社ビル売却された」【漫画】【アニメ】【スカッとする話】【2ch】,2,0,,,
YT_RELATED.md4C2KGXiS4,Content,⁠【61歳】貯金なし・仕事のシフトを減らして挑んだ11ヶ月。スマホ1台でYouTube収益化した結果,2,0,,,
YT_RELATED.s7Bu4WqklD0,Content,【ドジャース 遠いあと一本...大谷がスリーベースで同点のチャンスメイクも後続が連続凡退で敗戦】ドジャースvsブレーブス MLB2026シーズン 8.26,2,0,,,
YT_RELATED.qcaEoZxgYg0,Content,ほぼ森林…過疎の村に訪日客急増　神秘の絶景「阿寺ブルー」大人気「サムライロード」【羽鳥慎一モーニングショー】(2026年8月25日),2,0,,,
YT_RELATED.L-IfSeun8TE,Content,ヘリの攻撃 | ゴッドファーザーPARTIII | 映画シーン,2,0,,,
YT_RELATED.D_ZHVwjLpr4,Content,【多肉植物】【プレミア配信】パパコレが〜(泣)スコスコだ〜(泣)2026年8月26日,2,0,,,
YT_RELATED.FBEO3DqliDw,Content,「勝ち組・負け組」という言葉のヤバさと、心理。【潜在意識】【隠れものさし】,2,0,,,
YT_RELATED.Ow-YtbJEud0,Content,今日、初めて彼女ができました。【アオのハコ】,2,0,,,
YT_RELATED.xYIdnu9iEac,Content,【予告】TVアニメ『いびってこない義母と義姉』第8話｜#いびこなアニメ,2,0,,,
YT_RELATED.xzbwf5IOTCM,Content,【薬屋のひとりごと】姉・小杏４歳、弟・秀月３歳！市井へ初めてのおつかい！壬氏と猫猫が見守る、小さな大冒険！【アニメ】【じんまお】,2,0,,,
YT_RELATED.NlLeAQRRK48,Content,まっすぐ引く！教科書通りの完璧なテークバック #パク・ヒョンギョン,2,0,,,
YT_RELATED.3mqrh3HS6xw,Content,【心理学】一番大切な人にすぐ怒ってしまう人の心理,2,0,,,
YT_RELATED.OVF8slxGW9E,Content,【女子バレー】「これじゃ次負けますよ」開幕３連勝＆ストレート勝利も...選手起用やプレー内容や各所から批判の嵐【秋本美空/石川真佑/佐藤淑乃/アジア選手権】,2,0,,,
YT_RELATED.qbg_GYfC4t8,Content,対デザリアム作戦は失敗？地球の国民感情がリアル!?深い背景設定を持つ「アルデバラン」「アルフェラッツ」「グラディエーター」「エイジャックス」を徹底考察【宇宙戦艦ヤマト REBEL3199】,2,0,,,
YT_RELATED.Glnjs6imcqM,Content,【DNA鑑定】妻が“子どもを俺に触らせない理由”,2,0,,,
YT_RELATED.sk_h03MYtu0,Content,メンタルが強い人の思考習慣【グレーな心理学】,2,50,2,0:00:57,0.0317
YT_RELATED.iN4c1DaKgXw,Content,ブラック・ショーマン (2025) 日本語のフルムービー | 映画フル | 日本映画フル | 日本  | 事実とレビュー,2,0,,,
YT_RELATED.Mt7JZAzKvho,Content,西住しほのあだ名・家元・ネットの反応集【母の日】【ガールズ＆パンツァー】【ガルパン】【ガルパンはいいぞ】,2,0,,,
YT_RELATED.btRRlctE_k0,Content,辞める原因になる詰め方の種類について【派生していく怒り方・パワハラ】,2,0,,,
YT_RELATED.m8GuedsQnWQ,Content,IN THE MOOD FOR LOVE | Official Trailer | 20th Anniversary Restoration,2,0,,,
YT_RELATED.XneO-N_XYBs,Content,【岡田斗司夫】※今の時代人と差をつけるならやっぱり読書!!最強読書術!!拾い読みのすすめ..読み方..紙の本..冬の読書特集!!【切り抜き】,2,0,,,
YT_RELATED.VjL1gios30g,Content,【衝撃】結婚式当日に妹が突然いなくなった…ホテルで発見した2人を見て、私は言葉を失った【2ch修羅場】,2,0,,,
YT_RELATED.zodhs-Za_Tc,Content,𝔹𝕃ℂ𝔻｜ 好きでごめん（喜欢你、对不起 ） 八代拓&伊东健人,2,0,,,
YT_RELATED.KPK36NWVyi0,Content,【限定公開】「夢」を叶えるために「お金」を学ぶ◆西野亮廣の”夢”と”お金”の熱血授業に林修も脱帽！,2,0,,,
YT_RELATED.2d032ORaFqY,Content,保護犬のくうちゃん♂,2,0,,,
YT_RELATED.YTk2p5L-WA4,Content,【感動する話】恋を諦めた冴えない私に会長「俺の弟と会ってほしい」→断れずお見合いに行くと現れた男性はなんと！？【朗読】,2,0,,,
YT_RELATED.IxYcaG2C_aY,Content,𝔹𝕃ℂ𝔻| ラブミースルーザナイト 三木真一郎X野岛御史,2,0,,,
YT_RELATED.TZ5_oiejSoI,Content,Big Wednesday (1978) - Jack Surfs Alone,2,0,,,
YT_RELATED.Jfq4ueX_p-w,Content,【学校内不倫】教師の仮面が剥がされた…不倫だけではなかった,2,0,,,
YT_RELATED.6LqlGu0lfkU,Content,【海外の反応】「ここまでアニメ化するか・・・」ストライクウィッチーズのキャラクターのモデルに世界が驚愕！ひ孫がフィンランドの英雄と再会できたわけとは？大使館公式が示した反応にアニメファンも脱帽！,2,0,,,
YT_RELATED.i8p6uUGBJV8,Content,𝔹𝕃ℂ𝔻｜僕はすべてを知っている遊佐浩二×島崎信長删减版,2,0,,,
YT_RELATED.no984Ny0rso,Content,なぜ賢い人ほど家から出ないのか？【グレーな心理学】,2,0,,,
YT_RELATED.OTBNV8mhUDQ,Content,【初心者でもカンタン！？】日記から俳句を作ってみよう！,2,0,,,
YT_RELATED.brA2y5Lza6k,Content,【スカッとする話】お盆に義実家に帰省すると私に嫁いびり義母＆義妹「金持ちなら高級品くらい持ってきなさいよｗ」と手土産を投げ捨てた→私「それじゃあ絶縁でサヨウナラ」義母＆義妹「えっ？」【修羅場】,2,0,,,
YT_RELATED.kEAdib8_9hg,Content,When Your Baby and Dog Have A Secret Language ❤️,2,0,,,
YT_RELATED.FFyF_HZfmtM,Content,【LINE】義母から突然連絡が来たが、その時、私は葬儀場にいて…【スカッと修羅場】,2,0,,,
YT_RELATED.5L5HE_CH2I0,Content,手術室の前で社長の夫は冷たく言った。「お母さんを助けたいなら、俺の女性アシスタントに跪いて謝れ」私は何も言わず、手元の株をライバル企業へ売った。翌日、会社の破綻を知らされた彼は崩れ落ちた——,2,0,,,
YT_RELATED.yWOXxp6kXXg,Content,【頭のいい人が話す前に考えていること①】知性と信頼をもたらすには「コミュ力＝聞く力」が全て！,2,0,,,
YT_RELATED.5wyiLWBQbDs,Content,すべてが許される異常な国チェコの絶対に信じられない15の奇妙な真実,2,0,,,
YT_RELATED.TxlR4rcxSFI,Content,清掃員の母を泥雑巾扱いし殴り倒した息子→1時間後、料亭の「真の所有者」が判明し人生崩壊！,2,0,,,
YT_RELATED.pCBWNFMCPpo,Content,【禁忌】人間が絶対に手をだすべきではなかった実験４選,2,0,,,
YT_RELATED.wPXUUKBZmA8,Content,【スカッと】難関医大の入学式当日に入学取り消しになった私…学校長「母子家庭の学生は寄付できないからイラネｗ」⇒数日後に学校長が破滅ｗ【スカッとする話】,2,0,,,
YT_RELATED.9Q4y0hbIVHI,Content,【スカッと】タワマン建築で下請の建設会社「うちしか作れねぇから値段3倍なw無理なら無視」→翌日、鬼電が来たが全社員で一生無視した結果【漫画】【アニメ】【スカッとする話】【2ch】,2,0,,,
YT_RELATED.HHv5RZpvbV4,Content,Snow Man 'show time...' Music Video,2,0,,,
YT_RELATED.O1CW6pfdwi4,Content,【心理学】脳をリセットする8つの習慣｜後悔しない生き方,2,0,,,
YT_RELATED.qPbI6lvrsQo,Content,白楽の名店が鶴見駅に移転！サリサリカリー,2,0,,,
YT_RELATED.lgIxi83XJQs,Content,おすすめ順【暖房器具】電気代はどれぐらい？選び方,2,0,,,
YT_RELATED.3ePefOcY4Xg,Content,クミさんを呼び捨てにする若林集【オードリーのオールナイトニッポン】,2,0,,,
YT_RELATED.CparbCiZ_G8,Content,カーテンロープタッセルの結び方,1,0,,,
YT_RELATED.xisIujxrB1Y,Content,【成長実感】真面目に働いているのに前進している気がしない…凡人と一流を分ける思考法,1,0,,,
YT_RELATED.-Hnoec_ILY0,Content,「恥」の感情をなくすには？ムダに悩まない性格になる【メンタリストDaiGo　切り抜き】,1,0,,,
YT_RELATED.UpxJp1deDHA,Content,日本語吹き替え：余命いくばくもないバカ娘だと思っていたのに、実は神システム持ち！？極悪親戚を叩きのめして大逆転！#ショートドラマ#短編ドラマ#スカッと#ハッピーエンド,1,0,,,
YT_RELATED.rXTVq-vrinA,Content,あ、きた！コレ！バヌアツの噴火！,1,0,,,
YT_RELATED.i9Ew9Lw-42M,Content,【薬屋のひとりごと】妓女と皇弟の恋！もしも、壬猫が皇弟と妓女として出会っていたら？【アニメ】【じんまお】,1,0,,,
YT_RELATED.SDnccdjYx-8,Content,"KARA - Step, 카라 - 스텝, Show Music core 20130817",1,0,,,
YT_RELATED.IcCpSeeSllI,Content,【2035年未来予測 10年後の日本②】日本が生まれ変わるためにすべき事と勝てる領域は？,1,0,,,
YT_RELATED.hH8UaXwxIZU,Content,人生を楽しめない人がハマる偽造快楽TOP8,1,0,,,
YT_RELATED.XSnLDU2hNMQ,Content,【2ch面白いスレ】母親の再婚のせいでとんでもない名前になるんだが…,1,0,,,
YT_RELATED.7pvFdK0RDbA,Content,【保存版】MCTオイルの教科書。ただ飲むだけじゃ痩せない！？ダイエットを成功させる活用術と注意点を徹底解説します！,1,0,,,
YT_RELATED.Sk6rUnrBoj8,Content,【見ながら毎晩やってみて下さい】永久保存版！○○するだけで夢が叶う。ミラクルワークをプレゼント。,1,0,,,
YT_RELATED.H0Q43oIisCU,Content,Frederique Constant Has a HUGE Problem,1,0,,,
YT_RELATED.wDxM6ajKwyo,Content,PICO (Performance Indeterminate Cage Opera) LIVE 09.14.12,1,0,,,
YT_RELATED.l2E1GGiSuDs,Content,【髪は徳を映す鏡】普段から徳を損なう生き方をしている人は髪にその影響がでます...髪と運気についてご紹介させていただきます,1,0,,,
YT_RELATED.Y3yOnzdKKio,Content,【超有料級】この呪文唱えるだけで潜在意識が覚醒！引き寄せが止まらない【臨時収入】#桜井美帆,1,0,,,
YT_RELATED.Vt9AhT2NMDM,Content,【2chほのぼの】四国犬、おニューのカッパを柴犬に見せびらかした結果！,1,0,,,
YT_RELATED.b8KgDUUzPqo,Content,【MAD】機動戦士Vガンダム　いくつもの愛をかさねて,1,0,,,
YT_RELATED.Lf7FxxFxqY8,Content,注目すべきは経済じゃない、人口だ！,1,0,,,
YT_RELATED.rrAv2_G856M,Content,【アップグレード版】聞くだけで、嫌われる要素を焼き尽くし、ただただ周りから好かれる自分に生まれ変わる不動明王の除霊,1,0,,,
YT_RELATED.jVf9ptvh5II,Content,ビビデバ in VRChat【VRChat】,1,0,,,
YT_RELATED._Ft-jqqtWaU,Content,【スカッと】長期出張から帰ると社長息子がPCを水槽に「辞めたと思った」「もう来なくていいぞ」→温厚な社長が「二度と俺の会社に来るな」【漫画】【漫画動画】【アニメ】【2ch】【スカッとする話】,1,0,,,
YT_RELATED.5qfcSK634IY,Content,【スカッと】英語で大手企業と取引してる私に社長「NY帰りの息子が入社する」「TOEIC1000点目指すそうだ」→引き継ぎ資料を英語にした結果【漫画】【漫画動画】【アニメ】【スカッとする話】【2ch】,1,0,,,
YT_RELATED.drB9dAF59QE,Content,【お詫び】想定外の事態になりました…,1,0,,,
YT_RELATED.Yt0_TcZnpcg,Content,【空から見た】沖縄県民が選んだ 新・魔の渋滞スポット トップ20,1,0,,,
YT_RELATED.FiHDosHTILs,Content,十三人の刺客 予告篇,1,0,,,
YT_RELATED.fcszzL2bw1k,Content,【台風19号・21号 2026年】各台風の最新位置と勢力を気象予報士が解説（25日5時更新）,1,0,,,
YT_RELATED.Xgv3lvPeVWg,Content,"「天才」はこうして誕生する（バシャール）| This is how to become ""genius"" (Bashar)",1,0,,,
YT_RELATED.SQFzKw33abw,Content,BTS Embarrassing Moments In Award Shows,1,0,,,
YT_RELATED.KWoZoVwvqgE,Content,【悲報】あきたこまち新米5kg「1780円」!? 米価格急落で卸業者に異変…ネット騒然【5ch・2ch反応】,1,0,,,
YT_RELATED.Ld-NCy7IiuY,Content,【なぜあの姿勢になる？】ゾンビタウンを生む恐怖の薬・フェンタニル【アニメ】,1,0,,,
YT_RELATED.KG3FjzSswHQ,Content,25歳から英語を始め速攻ペラペラに｜それを可能にしたたった一つの方法【Ryan Suzuki】,1,0,,,
YT_RELATED.SoGUTIwdkI4,Content,【ぱちんこ店長が予測】未来のパチンコ店はこうなるー5つの地獄シナリオ,1,0,,,
YT_RELATED.nWG1zKHDZc8,Content,【60代からの再就職】あの有名資格が7位…定年後に本当に役立つ国家資格7選,1,0,,,
YT_RELATED.51HxZOhV7tc,Content,【大谷翔平】9回三塁打も還せず惜敗した打線にレジェンドが衝撃本音【海外の反応 MLBメジャー 野球】,1,0,,,
YT_RELATED.3tJ6G28uy2A,Content,【岡田斗司夫の成功法則】完全解説編総まとめ【作業用 睡眠用 岡田斗司夫 切り抜き サイコパス 未来予測 マインド ホワイト社会 金持ち 洗脳 アドバイス】,1,0,,,
YT_RELATED.f7VSs4WS4O8,Content,Kyoto　Geiko１(KICHISEN ),1,0,,,
YT_RELATED.61OHRK3_ft8,Content,そして・・・めぐり逢い,1,0,,,
YT_RELATED.vUw1gKYm7Lw,Content,【BL全話】優秀チャラめな先輩×常に真顔な一途後輩(CV:大塚剛央×榎木淳弥)『先輩、断じて恋では！』第1話～第5話まとめ,1,0,,,
YT_RELATED.xUAjYWbFlW8,Content,【やめる戦略】成果が出る人は、“やること”より“やらないこと”に注目している,1,0,,,
YT_RELATED.0v0B3h6Ul5A,Content,なぜお金持ちほど掃除に執着するのか？【グレーな心理学】,1,0,,,
YT_RELATED.N0-v1pNNLcw,Content,残酷な天使のテーゼ　ー中森明菜ー,1,0,,,
YT_RELATED.54x6Zu4K5l8,Content,『ガールズ&パンツァー 最終章』第3話 ~知波単学園キャスト スペシャル残念会~,1,0,,,
YT_RELATED.6FI-Of_XlV8,Content,中国経済ガチカウントダウン！若者は我慢の限界？若年失業率が過去最高を更新！重慶のアイドル芸能事務所に若者が集結し大暴れ！中国共産党の軍歌「強軍戦歌」を大合唱！｜上念司チャンネル ニュースの虎側,1,0,,,
YT_RELATED.qLkQTnoVOaM,Content,「パパ会デビューする若林」2026年8月15日 オードリーのオールナイトニッポン　若林さんフリートーク,1,0,,,
YT_RELATED.Iv2VUE_UhRQ,Content,[4K] 上高地河童橋ライブカメラ KAMIKOCHI KAPPA-BASHI LIVE CAMERA,1,0,,,
YT_RELATED.s0s35nFPajc,Content,【放置少女】今最強は誰？インフレがどんどん加速していますね。,1,0,,,
YT_RELATED.JmZdioIgrdQ,Content,【修羅場】うちの犬はおとなしいのに、近所のある奥さんにだけめちゃくちゃ吠える→その理由を知った私は驚愕した！,1,0,,,
YT_RELATED.T_RcplSD0JI,Content,MTV Yearbook with XG🐺 | MTV Music,1,0,,,
YT_RELATED.XxEMAceJgJE,Content,絶対にやらない方がいいです。職場の人間関係を良好に保つために起こさない方がいい行動について解説,1,0,,,
YT_RELATED.fSbfNQqEYoM,Content,【田中碧が先発出場｜ノッティンガム・フォレスト×リーズ ｜ハイライト】カラバオカップ ２回戦｜2026-27シーズン,1,0,,,
YT_RELATED.QAThfHFOtT4,Content,【薬屋のひとりごと】壬氏・猫猫〜もしもシリーズ総集編〜【アニメ】【じんまお】,1,0,,,
YT_RELATED.gCwxrGguZgA,Content,【薬屋のひとりごと】母上を返して！ライバルは父上！秀月が本気で壬氏と猫猫の離縁を企てました！【アニメ】【じんまお】,1,0,,,
YT_RELATED.XpiCrTp3Dlo,Content,「コレが全て！！」婚活しても結婚出来ない最大の理由,1,0,,,
YT_RELATED.SeEMGUef1To,Content,ジュエリー沼と、40万円の鍋,1,0,,,
YT_RELATED.vlvftpXicAA,Content,SXYBIT - One For The Night ,1,0,,,
YT_RELATED.kx6znunLjI8,Content,King & Prince揮毫送新春祝福！超強書法實力令人驚艷【2026超級巨星紅白藝能大賞】,1,0,,,
YT_RELATED.1nZjQVyVQ0c,Content,【ドジャース騒然】左手骨折のパヘスに矢田先生が驚きの指示！「サッカーボールで練習しろ」まさかの4週間復帰プランに本人も仰天…【大谷翔平】,1,0,,,
YT_RELATED.oZZ1URr4LsY,Content,＃575「サイコパスの人生相談」,1,0,,,
YT_RELATED.ABjOY4GyiIc,Content,石垣島の美しすぎる星のタイムラプス,1,0,,,
YT_RELATED.wNCMmrsxpNM,Content,昭和すぎて芸能オーディションで無双するネキ【海外の反応】,1,0,,,
YT_RELATED.Ff5VwhqFfks,Content,【まとめ】最も癒しの効果が高い趣味は？【精神科医・樺沢紫苑】,1,0,,,
YT_RELATED.C6cuQM5sh50,Content,락킷걸 ROCKIT GIRL - Hands up [ Official M/V ],1,0,,,
YT_RELATED.1BZUJuHaDGg,Content,突然ヤクザに絡まれ「俺は〇〇組の組長だ！慰謝料2000万払えないならパパ呼べ」→10分後、父(本物の組長)が到着し私の正体に気づいたヤクザは…w【スカッと】【アニメ】,1,0,,,
YT_RELATED.zKRwglxYxJQ,Content,【武井壮】老後も楽しめる最高のスポーツ【トレーニング】,1,0,,,
YT_RELATED.IMGmBFXvogI,Content,【スカっと】仕事中にサボり倒すヤクザ息子のDQN社員「俺に説教すんな！親はヤクザだぞ」→組長嫁の姉に親ごと潰せるか相談してみた結果ｗ【スカッとする話】,1,0,,,
YT_RELATED.nsVa2bP_nf4,Content,Le Karaté d'Okinawa au 30e Festival des Arts Martiaux,1,0,,,
YT_RELATED.qhxOuA4o-ZQ,Content,日本代表・守田英正､デビュー戦後に現地の空気が一変！！昇格組の命運を握る男が見せた本当の実力,1,0,,,
YT_RELATED.CvK-uSgBrK8,Content,秋野宮家の海外での失態と愛子さまの圧倒的な気品に世界が驚嘆 #皇室 #秋野宮家 #のり子様 #ま子様 #愛子様 #天皇陛下 #皇室外交 #海外ご公務 #日本文化 #皇室の未来,1,0,,,
YT_RELATED.WX5eU1UUISI,Content,BRIGHT / キス×kiss×キス特別限定永久保存版パッケージ,1,0,,,
YT_RELATED.lejf5v7wpo8,Content,【スカッとする話】社長「息子の7億の大口契約を奪ったな！貴様はクビだ！」笑いを堪え俺「お世話になりました」→速攻で退職し、帰り道にスマホを解約し海外移住した結果w,1,0,,,
YT_RELATED.eJCHKjt0MPw,Content,BABYMONSTER - ‘FOREVER’ M/V,1,0,,,
YT_RELATED._xBZl6994Hc,Content,【悪用厳禁】女性を沼らせる男性の行動,1,0,,,
YT_RELATED.xPiZ5KRNoUM,Content,【適当に子守りするはずが】相手は可愛さカンストの天使！？独身男、すっかりメロメロの「親バカ」と化す！,1,0,,,
YT_RELATED.U5_4DNqu9dQ,Content,KAT-TUN - Real Face#2 [Break the KAT-TUN],1,0,,,
YT_RELATED.wuaK4H5iZks,Content,AIで東芝が化けた！　なぜ過去最高利益を達成したのか・・？,1,0,,,
YT_RELATED.wil6_51rhoM,Content,3年間“初恋の身代わり”として尽くした私。契約満了で静かに去るはずが——冷酷社長が突然「お前は身代わりじゃない」と言い出した,1,0,,,
YT_RELATED.Hrb9bTHniBU,Content,男が思う魅力的な女性の外見・内面について解説するわ❣️,1,0,,,
YT_RELATED.1jTSxlw9ajE,Content,【ミニマリスト①】モノを減らすと本当の幸せが見つかる（Be Happier With Less Stuff）,1,0,,,
YT_RELATED.iUjOL3E0xNw,Content,女の港,1,0,,,
YT_RELATED.rUUo7RTnaBk,Content,Francis Lai - Concerto Pour La Fin D'un Amour (1969),1,0,,,
YT_RELATED.tR-5xOWJ7uo,Content,2088円で他社も10分以上かけ放題！Ymobile 603SI,1,0,,,
YT_RELATED.5-L8lEkOlLk,Content,【スカッとする話】義兄夫婦に中々子供が出来なくて、義弟嫁が同情すると見せかけた子供可愛いマウントを取り出した。義弟嫁「可哀想～、家族で集まるの辛いよね～」→義兄と姑がうんざりして・・,1,0,,,
YT_RELATED.yBRdPkHaMNM,Content,ドジャース、スミスのリハビリ出場とんでもない結果に...,1,0,,,
YT_RELATED.stWrsrbn2r0,Content,犬６歳がシャンプーされるとこうなります／腰の負担を減らしたい方必見！,1,0,,,
YT_RELATED.D4ItV0eA9fg,Content,斎藤一人さんが予告したこれからの日本社会｜誰かが何とかしてくれる時代が、静かに終わります,1,0,,,
YT_RELATED.cxveUW-znd4,Content,【海外の反応】「本当に日本人が作ったのか…」『ベルサイユのばら』がフランス革命記念日に欧州で大きく取り上げられる海外の反応集,1,0,,,
YT_RELATED.iOO4aD25IvQ,Content,ハンドメイドの作業場＆資材収納≪後編≫　ビーズ収納・百均マニキュア収納棚,1,0,,,
YT_RELATED.Jo-bcjMZSvI,Content,義姉が不倫して家に帰ってきた。→義姉と義母があまりにも…ほか【まとめ】,1,0,,,
YT_RELATED.kbPch_wAFuk,Content,"【海外の反応】初来日, 「もう死んでもイギリスでは暮らせません」 英国人医学生の衝撃告白…！",1,0,,,
YT_RELATED.Jjs27nKx0QE,Content,【逆転の生存戦略】氷河期世代が人生の後半戦で「絶対に捨ててはいけないもの」9選 【雑学】,1,0,,,
YT_RELATED.AnbuvWVaSHM,Content,【今すぐ転職すべき職場ランキングTOP7】心身崩壊するブラック企業の特徴をご紹介！これに当てはまらないように転職/就職活動をすると、良い企業と出会えますよ！【DaiGo 切り抜き】,1,0,,,
YT_RELATED.oQgwDCC8VlU,Content,夫に嫌われきった私が妊娠三か月で離婚協議書を差し出され、皆が縋ると思う中、私は迷わず署名して荷物をまとめ出て行った,1,0,,,
YT_RELATED.45CqTTqXGUo,Content,【【超音速情報】】世界危機的情報　ホルモン街道封鎖　バブ・エル・マンデブ海峡封鎖　バブ・エル・マンデブ海峡  不透明な世界 前編,1,0,,,
YT_RELATED.k5TfBjbYBZ4,Content,坂本龍馬の息子「坂本直」の過酷すぎる生涯,1,0,,,
YT_RELATED.xaVrua9Bp58,Content,「日本は英語下手」って言ってる外人、ムカつく！,1,0,,,
YT_RELATED.PqbNERBCaV8,Content,Samantha Uncensored photoshoot Incredible Artistic Nude Shoot – EDSA Content,1,0,,,
YT_RELATED.C1j1eMo_YA4,Content,𝔹𝕃ℂ𝔻| 誘惑レシピ 森川智之 × 宮田幸季 羽多野渉 × 小野大輔,1,0,,,
YT_RELATED.h3AFIPn1LxQ,Content,【台風18号 2026年】暴風で建物損壊の被害 徳之島では最大瞬間風速54.5m/s観測,1,0,,,
YT_RELATED.QH85yqQ1Jbo,Content,スッキリします【岡田斗司夫流】心が楽になる方法。【スマートノート 岡田斗司夫切り抜き】,1,0,,,
YT_RELATED.6GoltSQ2fNc,Content,【虎と１.５差】予言的中…甲斐弾に大興奮「ほら、言っただろ」新上位打線に「固定できたらいい」【ラジオ報知】,1,0,,,
YT_RELATED.pvKKiP28BRY,Content,【神奈川観光】日帰り旅行で行きたい！横浜観光スポット15選,1,0,,,
YT_RELATED.I27fCpYSsG4,Content,アメリカ人が買って後悔したもの、金銭感覚が日本人と違いすぎる…,1,0,,,
YT_RELATED.uC6VcWZUOb8,Content,【コミケ108】今年のコスプレ発想が天才すぎるww,1,0,,,
YT_RELATED.DjpbUj2xZm8,Content,"Hyakko: Pasta ""al dente""",1,0,,,
YT_RELATED.3ikdED_2Wzg,Content,【カズレーザー】期待しない考え方、イライラしないコツ【切り抜き】,1,0,,,
YT_RELATED.4JRwYt7Be7o,Content,Naked Woman Photography - Jump,1,0,,,
YT_RELATED.9NOphLKoP_c,Content,【ドジが止まらない】愛おしい♡SnowMan ドジ集　,1,0,,,
YT_RELATED.rWWqN79v_bY,Content,🚩8/30(日)よる10時10分 #日曜日の初耳学👂カリスマ俳優・ #中島歩 がインタビュアー林修に登場‼ ✨／ 👂#林修 #大政絢 #中島健人,1,0,,,
YT_RELATED.ZAetHb06dtM,Content,値段が高いものがいいとは限らない,1,0,,,
YT_RELATED.1P6rp3vA53o,Content,早くも形勢傾く！藤井聡太王位が衝撃構想　王位戦第五局、封じ手＆展開予想　伊藤園お～いお茶杯第67期王位戦七番勝負第五局,1,0,,,
YT_RELATED.UudXGxDEj3w,Content,甲子園閉幕で日本文化批判にレジェンドが大激怒「アメリカが真似しろ！」織田翔希が日米争奪戦に？【海外の反応/MLB/メジャー/野球】,1,0,,,
YT_RELATED.pEh8-M5m-Nc,Content,【日本代表MFが躍動】今季初出場で攻守に存在感！リーズがN・フォレストを2対0撃破｜久保建英｜三苫薫｜メッシ｜ハーランド｜ムバッペ,1,0,,,
YT_RELATED.2OQaDszAgp8,Content,【 角栓抜き動画 】ただひたすらに角栓を抜き続ける動画～A video of simply removing blackheads,1,0,,,
YT_RELATED.zFkxonk4c-8,Content,【おすすめ散歩コース】8月中旬の旧軽井沢はどんな様子？地元民がお散歩しながら見どころを解説します！,1,0,,,
YT_RELATED.npOZUg8wRwA,Content,運の強い人を研究し続けて行き着いた答え「〇〇が強い」/100日マラソン続〜685日目〜,1,0,,,
YT_RELATED.pF-8hCzXaUU,Content,𝔹𝕃ℂ𝔻|  妄想发电站 前野智昭 安元洋贵 川原庆久,1,0,,,
YT_RELATED.EME3cX5Q1Wo,Content,その抜け出せない”堕落” は１００％仕組まれてる | ドーパミンデトックス２０２６完全ガイド,1,0,,,
YT_RELATED.sMBpK4p1owY,Content,【残酷すぎる】論文でも証明された最貧困が連鎖し続ける理由。現代の貧困化の真実について正直に言います。【ひろゆき切り抜き】,1,0,,,
YT_RELATED.v6mAorakS3o,Content,ついにチャンネル登録100万人突破！親友達からお祝いのメッセージいただきました！,1,0,,,
YT_RELATED.EfeTyQvnkpQ,Content,TVアニメ『ヤニねこ』より、夏吉ゆうこ＆稲田徹からのコメントが到着！,1,0,,,
YT_RELATED._Qh8hUQQZyQ,Content,【全話・無双】後山の廃品庫に追放された少女、そこで眠る上古神器を目覚めさせてしまう！,1,0,,,
YT_RELATED.s0lNLVUBn3o,Content,【ひろゆき】人生逆転“金持ちなりたい奴”に正直言います【切り抜き 2ちゃんねる 論破 きりぬき hiroyuki お金 年収 仕事 投資 副業 転職 起業 会社員 会社 貯金 睡眠用 作業用 まとめ】,1,0,,,
YT_RELATED.gUFhiu4k4mM,Content,酔った勢いで後輩をお持ち帰りした日の営業-居酒屋-【あるある】,1,0,,,
YT_RELATED.CUtvb338-iE,Content,【未来の食卓を支える！陸上養殖が革命を起こす理由】食卓をもっと豊かにしたい。安全で美味しい魚をより身近に。スマート技術で進化を続ける「陸上養殖」が、私たちの未来の食卓をどう変えるのか、ご紹介します！,1,0,,,
YT_RELATED.Gdf9THYdYKs,Content,【薬屋のひとりごと】ブスだと思って結婚したら、そばかすの化粧を落とすと、妻の顔が、どタイプだった皇弟の末路！【アニメ】【じんまお】,1,0,,,
YT_RELATED.N5r_IBgJ_B4,Content,【ハッキリします‼️】あなたを避けている本当の理由｜距離を置くあの人の本心と2人の今後｜あの人は何を恐れてる？｜霊視鑑定・タロット占い・3択リーディング,1,0,,,
YT_RELATED.42BPO9vpd84,Content,【海外の反応】「美味すぎて中毒に…」世界中どこにいても作れる「あのカンタン料理」が日本アニメの影響で再ブームに!!【世界の反応NeWS】,1,0,,,
YT_RELATED.bfMrNqAK0vY,Content,【まだ折り畳みスマホを愛せない理由】コスパ最悪【Galaxy Z Fold8】,1,0,,,
YT_RELATED.mMoJRxaiXGk,Content,8/26（水）朝刊チェック：斎藤元彦とその支持者たちがいかに幼稚で能力が低くそして極めて異常であるかを具体的な事例を用いて立証する回,1,0,,,
YT_RELATED.oRl5QIQxS2o,Content,秘められた能力が復活するとき,1,0,,,
YT_RELATED.yjY8z4E3Zf0,Content,今この瞬間が未来を創るんだ【ドラゴン桜Ⅱ】桜木建二 | 心震える名言集 | 格言 | 名言 | 受験用 | 勉強用 | 東大に行け | 世の中の仕組み,1,0,,,
YT_RELATED.9g89S53vtpc,Content,上司を気持ちよくさせる方法,1,0,,,
YT_RELATED.F7ywdkPQcnU,Content,#557【夏!!】甚兵衛、浴衣った日,1,0,,,
YT_RELATED.a8wLRKQRDUo,Content,【やりきる力】考え方だけで怠け癖を撃退する方法【中途半端な人生卒業】,1,0,,,
YT_RELATED.fsca14ZBfBU,Content,ラトクリフC!A長官が直接モスクワに飛び、そしてとんでもない情報を持って帰ってきた！ Vol.254 ［起きたドー！］2026年8月26日、水曜,1,0,,,
YT_RELATED.iQ7pTiyEFvs,Content,長時間働きすぎてメンタル疲れてる人にガチで言います…もっとダラダラ仕事した方が人生楽ですよ【ひろゆき切り抜き】,1,0,,,
YT_RELATED.GVigR-CGkVs,Content,【鳴霞の「月刊中国」】北朝鮮が中国方面に弾道ミサイルを試射!山東省に落下!数百人死傷!?,1,0,,,
YT_RELATED.fWcNFLyqAn8,Content,【スカッと】夫婦で営む土木会社の駐車場に無断駐車を続けるママ友。車の周りに鉄鋼資材を置いて海外出張へ→後日、DQNママ友が警察を連れてきたので…【スカッとする話】【アニメ】【漫画】【2ch】,1,0,,,
YT_RELATED.SOo7jAclkOI,Content,L'Arc~en~Ciel - I'm So Happy,1,0,,,
YT_RELATED.kFIGfjcSOR8,Content,夜に聴きたい宇多田ヒカル【作業用BGM/DJ MIX】,1,0,,,
YT_RELATED.h70RPCCNGxk,Content,【”2023年”に読むと人生変わる本TOP5】1冊でもいいので読むと人生変わる本たちをご紹介！読書習慣がない方でも、これを機にぜひ読んでみてください！【DaiGo 切り抜き】,1,0,,,
YT_RELATED.Hslo56lnbbM,Content,ゆっくり歴史解説　蘇我氏って何者？,1,0,,,
YT_RELATED.xUBLIupfFhg,Content,ヤッター！CB001RJ 合法CB無線機がユニデンから発売されますよ～さぁ～CB無線（市民ラジオ）始めよう！,1,0,,,
YT_RELATED.wERI2brQUtY,Content,仕事でメンタル疲れやすい人にガチで言います…仕事って稼いだお金で人生を楽しめればそれでいいんですよね【ひろゆき切り抜き】,1,0,,,
YT_RELATED.Nsq3nHwFX_s,Content,夢だった念願の日本で本物の日本食に大感激,1,0,0,,0
YT_RELATED.IjXisLbXUys,Content,【北村晴男】速報！高市内閣に大事件発生、、あの大物親中議員に とんでもない疑惑が浮上しました、、【日本保守党】,1,0,,,
YT_RELATED.MFLAhW7APBE,Content,魚雷客ってなに？,1,0,,,
YT_RELATED.PLkJhKQu1HA,Content,第15回 満足するセッ◯スって何？,1,0,,,
YT_RELATED.aS1Bdp4X6x0,Content,犬の一生はとても短い。だから来世では人間になって、あなたのそばにいてくれる。多くの人を感動させた心温まる映画。,1,0,,,
YT_RELATED.e3OIKlvreVQ,Content,【LINE】ママ友宅の部屋から勝手に物を盗む泥ママ→盗んだものが実は●●で顔面蒼白…w【スカッとライン】,1,0,,,
YT_RELATED.fdZZBqIOang,Content,角栓 ブラックヘッド 角栓除去 ニキビ芯出し | ーニキビ #にきび治療    #BlackHeads #Whiteheads  #Acnes    #Dr.Somaria,1,0,,,
YT_RELATED.ByiutV_Y3zE,Content,沖縄辺野古沖転覆事件　西田喜久男容疑者　同志社国際校長職を退任へ　【沖縄辺野古沖転覆事件】2026年8月26日,1,0,,,
YT_RELATED.e2Kq64eIs9U,Content,YouTuberが1回の再生で0.1円貰ってるという嘘,1,0,,,
YT_RELATED.9RrzJLCz4VE,Content,【エッセンシャル思考②】99％の無駄は勇気ある拒否（Essentialism）,1,0,,,
YT_RELATED.NblGvcxqYz8,Content,【海外の反応】成田から宿まで約5時間…豪州4人家族が東京で予定を変え続けた理由,1,0,,,
YT_RELATED.EuZrQgEEAGA,Content,【AI時代のアドラー心理学】『嫌われる勇気』岸見一郎氏に聞く／幸せになるための思考法／「課題の分離」SNSと他者の評価・自分の価値／「対等と自立」AI時代の教育・子育て論【PIVOT LIFE】,1,0,,,
YT_RELATED.3GhPMz5cnPY,Content,【健康雑学】なぜ昔の日本人は疲れにくかった？50代から見直す「身体の使い方」・・江戸時代の暮らしには、現代人が失った「自然に身体を動かす習慣」がありました。,1,0,,,
YT_RELATED.5eAwPStRoes,Content,【本PV vol.3】TVアニメ『ザ・ファブル』毎週土曜24:55〜 日本テレビ系にて順次全国放送中──!!,1,0,,,
YT_RELATED.9b6q0v_0lyc,Content,"말 한마디 없이, 세종의 손짓 하나에 은빈은 바로 알아챘다 ☺️ #yangsejong #parkeunbin #SpookyInLove",1,0,,,
YT_RELATED.4RvRsBlTlRA,Content,秋篠宮家の二拠点生活に迫る限界と久人様の知られざる苦悩の真相 #久人様 #紀子様 #秋篠宮 #皇室 #筑波大学 #二拠点生活 #皇位継承 #ニュース #宮内庁 #世論,1,0,,,
YT_RELATED.-UxPKFBJj1U,Content,【心理学】なぜ独りを好むのか？科学が解明した、一人時間にだけ育つ「特別な力」の正体,1,100,1,0:00:20,0.0058
YT_RELATED.rpUdZ9A031Y,Content,【肉体美】鍛え上げたボディを引き立たせるドレス👰‍♀️/ マイ・ドリーム・ウエディングドレス S15,1,0,,,
YT_RELATED.pWYyc_R3euo,Content,【公式】第1話～第12話「王室教師ハイネ」期間限定本編配信,1,0,,,
YT_RELATED.awRlfLebMdw,Content,【2ch動物スレ】保護されて人の生活になれた赤ちゃん【チーター】が完全にイエネコどころか人みたいな寝方をするｗｗｗ,1,0,,,
YT_RELATED.4Dr3_sNYQig,Content,【 テレサ・テン -  時の流れに身をまかせ 】「日本でも有名だったの！？」アジアの歌姫の涙に外国人ファン感動！,1,0,,,
YT_RELATED.YiHYi8UaytA,Content,【大人の事情】エアコン清掃に行ったお宅にいたのは妖艶な美女で…,1,0,,,
YT_RELATED.RbMgyxUOMOc,Content,【海外の反応】観客が大号泣のトトロ舞台会期がまた延長！ イギリス人が言葉を失った圧倒的スケール。オリヴィエ賞6冠の奇跡のクオリティ、待望の日本公演の可能性は?,1,0,,,
YT_RELATED.am9sSMrPShU,Content,Brothers Conflict  14 to 1 full sub thai,1,0,,,
YT_RELATED.k08-reBNB8k,Content,『人間は駆逐され始める』斗司夫が警告！2028年に起こる恐ろしい未来【岡田斗司夫 切り抜き サイコパス YouTuber AI 世界情勢 】,1,0,,,
YT_RELATED.nJZ0a-AxxqI,Content,【天才だらけで脱落】名門進学校の“落ちこぼれ”はどこへ進学？【wakatte.TV】,1,0,,,
YT_RELATED.GKgMuBvrnvo,Content,戦勝国なりきりオジさん、歴史マウントを始めた瞬間に”ぺこぱ松陰寺”に潰されるwww,1,0,,,
YT_RELATED.brvUqgP57Yc,Content,【薬屋のひとりごと】猫猫は一人暮らし。幼少期の猫猫が一人で生き抜く世界線に飛ばされた壬氏と、孤独な幼女の出会い！〜後編〜【アニメ】【じんまお】,1,0,,,
YT_RELATED.TurS5E9oNU8,Content,【漫画】高級旅館で同級生に宿泊拒否された俺→女将が「特別室へ、社長」と告げた結果【恋愛マンガ動画】,1,0,,,
YT_RELATED.UnNYG4h23-8,Content,ゴン太CM集　１８本,1,0,,,
YT_RELATED.PD_EOtsf5I8,Content,[芸能人英語力小島よしお英語力がやばすぎる,1,0,,,
YT_RELATED.Z71OIPPJa_M,Content,ナメてるから突撃した。,1,0,,,
YT_RELATED.Ky9EwYxjgdI,Content,”お前如きの分際” が失敗して恥ずかしい思いして何を失うの？何も無いって,1,0,,,
YT_RELATED.DBIPXphZAe4,Content,【大人の事情】家に泊まりに来る、可愛い系の妻の後輩。真夜中にトイレで2人きり…,1,0,,,
YT_RELATED.Xei5BFBhi9k,Content,「冗談でした」は通じない。試しただけでもアウト。日本に対する反●だと解釈されます。【岡田斗司夫/切り抜き/サイコパスおじさん】,1,0,,,
YT_RELATED.LrMhiqN8sr4,Content,ASMR BEEF LARGE INTESTINES EATING SOUNDS MUKBANG 바삭촉촉한 통대창먹방 かりっとしたンテチャンを食べる 먹방 咀嚼音,1,0,,,
YT_RELATED.ROqRi6nUiL0,Content,必殺！くノ一仕置忍法帖(2),1,0,,,
YT_RELATED.S79OttszCYc,Content,角栓　除去　blackheads　removal #079,1,0,,,
YT_RELATED.6TfPBLVCpH4,Content,大手術に臨む生後３ヶ月の保護子猫にエールを【保護猫ボランティア・食堂裏のキリ編１１】／ #猫 #保護猫 #子猫,1,0,,,
YT_RELATED.2YwSxSE96v4,Content,【朗報】日本代表・守田英正、新天地デビューわずか数分で現地サポから大絶賛の嵐！！！！！！！！,1,0,,,
YT_RELATED.OdafSpexRsc,Content,マツダのデミオ1.5ガソリン車試乗！ディーゼルとの違いなど乗った感想をドライブしながらお話しします,1,0,,,
YT_RELATED.FyJaDHUPXzc,Content,【勉強法】なぜ人は「すぐ忘れる」のか？勉強ができる人の賢い覚え方、一生忘れない脳に変わる法則を徹底解説【東大理三合格の記憶術講師が解説】,1,0,,,
YT_RELATED.mlyCKP60v5Q,Content,Specialized Pedicure: Restoration of Layered Thickened Nails【Podiatry Clinic】,1,0,,,
YT_RELATED.i72CmIZK3TI,Content,【禁断の関係】H中は制服着用？港区の個室バーで合体。北岡果林はお酒で経験人数が爆増,1,0,,,
YT_RELATED.ONIb7xKF5wc,Content,林真理子初の実家をテーマにした作品『胡桃の家』,1,0,,,
YT_RELATED.A6k3Lz6-ZYw,Content,【DRAMA】手中に落としていいですか2（游佐浩二 × 河西健吾）【完整版】#BLCD,1,0,,,
YT_RELATED.B5RWpJB-ETU,Content,【大人の情事】妻と同じ頃に子を宿した義母、その子の親は一体…,1,0,,,
YT_RELATED.5bHyfJ_mzsI,Content,黄金比のたれで作る半熟煮卵／簡単なのに、やみつきの美味しさ！,1,0,,,
YT_RELATED.boKCCDs58RQ,Content,Japan friend's mom sayaka indulges in love,1,0,,,
YT_RELATED.hSW7PmQ21uw,Content,孫（2歳）とベタベタしたい祖父とドライな祖母,1,0,,,
YT_RELATED.lIHeNZY-X5c,Content,【ヤバチバ】ついに座ってしまった！果たして生きて帰れるのか・・・【リノスロ第１５５話 前半】【橘リノ】,1,0,,,
YT_RELATED.oU7JWTtJaL4,Content,喜多郎　（シルクロード）　絲綢之路,1,0,,,
YT_RELATED.8WARlHYN9M4,Content,悲報ドジャース、大谷翔平の左足,1,0,,,
YT_RELATED.tWlap918rJE,Content,松本伊代が語る「伊代はまだ16だから」名曲誕生の裏側を激白！｜ミュージック昭和遺産,1,0,,,
YT_RELATED.2E_1g-rUeRw,Content,マジか？！日向坂18thミーグリ2次完売結果　とんでもないことが起こる…[日向坂46],1,0,,,
YT_RELATED.C8rZMJNh0Gc,Content,BLCD【Drama】猫とスピカ｜竹内栄治 × 榊原優希／中島ヨシキ,1,0,,,
YT_RELATED.YtZKvkb5tlg,Content,愛されない令嬢に転生し家族と絶縁―冷たいCEO兄2人が突然、溺愛＆過保護に！,1,0,,,
YT_RELATED.oXJXsr7DunM,Content,【公式】第9話～第12話「ヘタリア World★Stars」期間限定本編配信,1,0,,,
YT_RELATED.0XI6waLgn6E,Content,【開運】開運するために運動をしなさい。筋肉について大切なことはすべて大森のゴールドジムで教わった。,1,0,,,
YT_RELATED.aqqo1ow--qQ,Content,【究極の矛盾】堀大輔は詐欺師なのか本物なのか,1,0,,,
YT_RELATED.ChsTsD929q0,Content,【シニア恋愛】《ひとりで慰める義父——もしよろしければ》｜黄昏の愛【シニアの夜】,1,0,,,
YT_RELATED.K-JWjbcXuJ0,Content,【３周年記念】質問に答えます！管理人ちいの初体験は？Youtube収益はいくら？日本人？,1,0,,,
YT_RELATED.0EyQXlVwgcc,Content,成人前に合体すると癌になる？対面◯位でポ◯チオ開発。巨乳女優辻井ほのかはワンナイトで経験人数を爆増！,1,0,,,
YT_RELATED.p_fsm8eVJCk,Content,Noe - Perfect Game (2015〜 J SPORTS番組エンディングテーマ),1,0,,,
YT_RELATED.Oy7fhdAWvpk,Content,"悲しみは雪のように (ON THE ROAD 2011 ""The Last Weekend"")",1,0,,,
YT_RELATED.izAbTPL82lA,Content,メイプルを怒れるようになった！レンちゃん,1,0,,,
YT_RELATED.MCNQqhydyT8,Content,不思議なおばあちゃんに教えてもらった運の秘密,1,0,,,
YT_RELATED.UeYQ05NKn1Y,Content,【悲報】郡司裕也、釈明してしまう,1,0,,,
YT_RELATED.3RNWy0bvqjk,Content,アニメ・マンガの実写化に失敗した映画10選【大コケした実写化映画】【フル字幕】【岡田斗司夫/切り抜き】,1,0,,,
YT_RELATED.0EJLJLG6O6M,Content,【大狩部牧場・下村社長の運命の出会い】絶滅瀕種 #バイアリーターク系 の種牡馬「#パールシークレット」紹介＆応援ソング #アロースタッド #大狩部牧場,1,0,,,
YT_RELATED.p_qQ53w5GYQ,Content,【早期退職】50代で辞めても大丈夫？面接8連敗＆5年ほぼ無職も…「孤独は想像以上」仕事・人間関係はどうなる？経験者3人に聞く｜アベプラ,1,0,,,
YT_RELATED.-oLdmeMnVms,Content,過去最大級の家族戦争！大修羅場で地獄の崩壊！,1,0,,,
YT_RELATED.htp8N7nmefM,Content,11回目の移植周期。D17通院で変化がありました！#不妊治療#アラフォー不妊治療#不妊治療vlog#妊活#アラフォー妊活#妊活vlog#ちいかわ,1,0,,,
YT_RELATED.UfXY9UEOEFg,Content,IQが高い人に共通する「こうなる」特徴5選【グレーな心理学】,1,0,,,
YT_RELATED.0w0uo9KqK9w,Content,初当りからV揃いが炸裂する嬉しい休日!!  [スマスロ ミリオンゴッド-神々の軌跡-]ハブアナイスデイ#36,1,0,,,
YT_RELATED.ZQ1KJim5tAQ,Content,ゲレンデのライバル⁉️BMW版Gクラスが販売されるという噂について,1,0,,,
YT_RELATED.r16j0ua6BFw,Content,FULL | 🤯幫閨蜜買成人用品竟撞到奶狗前男友，他生氣壓在身下說：「這個只能和我用」#短剧 #短剧推荐 #爱情 #前任 #甜宠 #总裁,1,100,1,0:00:07,0.0022
YT_RELATED.kfPWcAYv1GY,Content,ミュージックデリバリー2018年12月4日　ゲスト：何故ナツミ,1,0,,,
YT_RELATED.SBLtodnr_TI,Content,𝔹𝕃ℂ𝔻｜ただのクラスメイトから恋人になるたった１つの方法,1,0,,,
YT_RELATED.ZxK733FMqi8,Content,【あつ森】次回作は意外と近い…？見た事ない機能が公式HPに映り込む……公式画像に起こった異変・伏線を考察してみた＆公式画像に隠れた細かすぎる小ネタ集【あつまれ どうぶつの森】@レウンGameTV,1,0,,,
YT_RELATED.2Z107mLFurY,Content,【新入社員研修】「働く目的」と「働き方」の初期教育,1,0,,,
YT_RELATED.x1ytVRLNDRw,Content,【AI ASMR】誕生日月の眠れる幻想クリームソーダ🌙🍹,1,0,,,
YT_RELATED.yE7B6zR2GQw,Content,【MCTオイルで飲んで痩せる】アマニ油では痩せません。「脂肪を燃やす油」の正しい選び方と飲み方｜MCTオイル,1,0,,,
YT_RELATED.jW9oVR3XkBg,Content,【類似話求む！】こんな山怪、聞いたことありませんか？山で目撃した“アレ”は一体何だったのか（田中康弘）,1,0,,,
YT_RELATED.lHBjPVx0epA,Content,石田ゆり子さん CM集,1,0,,,
YT_RELATED.L26RD4gznGs,Content,浮気相手を幽霊ってことにするやつ【アニメ】【コント】,1,0,,,
YT_RELATED.btxVb3fwcpU,Content,「この差は何？韓国と中国の後、日本で衝撃を受けた…」初来日の外国人に日本の印象や驚いたことを聞いてみた!!【外国人インタビュー】【海外の反応】,1,0,,,
YT_RELATED.oVM7uD8ue88,Content,突撃した奥さんに女があまりにも卑劣過ぎる物を見せ一生のトラウマに...,1,0,,,
YT_RELATED.nroeG6fO3dc,Content,【昔北朝鮮だった村】韓国に残る北朝鮮人たち…なぜこんな村がある？現地からわかりやすく解説,1,0,,,
YT_RELATED.hANn0EcpEXI,Content,二度と関わってはいけない人の特徴【グレーな心理学】,1,0,,,
YT_RELATED.1o4PHeIqgK8,Content,【LINE】旦那より高収入の義兄に乗り換えるため離婚した嫁→義兄の家に押しかけてきたので真実を教えてあげたら発狂www,1,0,,,
YT_RELATED.xahYbIQK7-A,Content,シャンクが出る腕と身体の仕組みとは？,1,0,,,
YT_RELATED.W9jgYmHRBKk,Content,【漫画】マンションの隣室に住む無職の男性、ある日部屋から男女の口論が聞こえてきて「ほっといてくれ！」泣きながら女性が部屋を飛び出し→数日後、泥酔して怖い人にからまれている隣人を助けた結果【マンガ動画】,1,0,,,
YT_RELATED.j0g-a0fSZSg,Content,【スカッと】「家にいるだけだろｗ」退院夫が妻を愚弄し年金まで没収しようとした瞬間、68歳妻が食卓に並べた「半年分のレシートと写真」の衝撃,1,0,,,
YT_RELATED.1sLMQ-2rTow,Content,ドントテルミー荒井のオススメしない国5選,1,0,,,
YT_RELATED.OpZSJCnDc-Q,Content,生きることが重く感じた時に観てほしい…。そっと心を軽くしてくれる、優しい映画【映画紹介】,1,0,,,
YT_RELATED.KIKUJyJV9U0,Content,別に自慢しているわけではないのに嫉妬される人の心理学的特徴,1,0,,,
YT_RELATED.6XOWq0b2-m4,Content,自分にだけ態度が悪い人の心理と対処法,1,0,,,
YT_RELATED.pQbPtrcTa_w,Content,フランダースの犬ごっこに強制参加の柴犬【アニメ】【漫画】,1,0,,,
YT_RELATED.7xz1CNkDaMc,Content,ハ◯撮りを売り捌く激ヤバ不倫女。突撃後思わぬ行動に...,1,0,,,
YT_RELATED.vaI6x86pPiY,Content,夢ノ浮舟,1,0,,,
YT_RELATED.Q-btnh81kts,Content,【レシピあり】出張帰りの旦那さんにサプライズディナー！ 切って混ぜるだけ【前菜５種】をご紹介！,1,0,,,
YT_RELATED.amCc1v-mKsw,Content,【最強の思考】今のスマスロ環境で「見」を武器に勝ち続けた男の究極の立ち回り。,1,0,,,
YT_RELATED.V2_XCq-Teik,Content,【効果絶大】無限の体力を作る意外な方法４選【アニメ】,1,0,,,
YT_RELATED.AanfKNatAqk,Content,MOROHA『tomorrow』Official Music Video,1,0,,,
YT_RELATED.rS_wxKPfcWI,Content,『お前が味方になるのかよ！？って驚いたキャラ挙げてけ』に対する反応集,1,0,,,
YT_RELATED.iPAjE0O47wI,Content,"「嘘でしょ…トイレで女の""あの部分""に!? 」19歳で日本を旅する少女に日本の印象や驚いたことを聞いてみた!!【外国人インタビュー】【海外の反応】",1,0,,,
YT_RELATED.hufpNvDhreU,Content,これが日本ドラマって？史上レベルの高評価と賛否が交錯する、2026年下半期最高の話題作【ドラマ紹介】,1,0,,,
YT_RELATED.eewNpDSNc80,Content,【スカッと】無職になったことを夫に告げたら「へ～じゃあ　離婚」「稼げない寄生虫は子供と出てけ」→「無職はアンタだよ」【漫画】【アニメ】【スカッとする話】【2ch】,1,0,,,
YT_RELATED.pbstlcohL9A,Content,【2chほのぼの】妹誕生で娘がまさかの反応を見せたw,1,0,,,
YT_RELATED.tTpdHeE4SLs,Content,子猫を我が子のように育てようとする大型犬...【ゴールデンレトリバー・ボーダーコリー】,1,0,,,
YT_RELATED.YQWi3hWbECU,Content,海外のマンガ技法書、あまりに個性的すぎて全然参考にならないww【海外の反応】,1,0,,,
YT_RELATED.3oXW-3eLLWA,Content,【女性の本音】イッった後、本当にしてほしいこと,1,0,,,
YT_RELATED.R2i2SgALgDo,Content,Respiras MAL y eso no te deja Correr Bien: CAMBIA ESTO YA!,1,0,,,
YT_RELATED.0Z0YkdIfXoo,Content,【MAD/AMV】ギヴン×結言（セリフ･歌詞入り）,1,0,,,
YT_RELATED.FvrRvQWPngE,Content,"Sasaki-san, 27 years old #Japanese",1,0,,,
YT_RELATED.QpjEcNuCChA,Content,お腹が弱い／下痢・便秘しやすい人に強化してほしい栄養素を最新研究をもとに教えます,1,0,,,
YT_RELATED.YlNCIXiCnUQ,Content,大丈夫 やりたい事をやろう「思想は現実化する」「願望より実行」「努力に損なし」誰もが迷う将来についてサイコパスからのアドバイス【岡田斗司夫切り抜き 】,1,0,,,
YT_RELATED.VRDcxF-n8yU,Content,A square bottle opener with a hole that opens feels great ～ ポッカリ穴が開く角栓抜きが最高に気持ちいい,1,0,,,
YT_RELATED.2k1hOFlwUL4,Content,【ひろゆき/切り抜き】学習効率はそこまで重要ではない。重要なのは○○ですよ,1,0,,,
YT_RELATED.vH38LRPYIyw,Content,ダークダックス　ロシア民謡デラックス（１）,1,0,,,
YT_RELATED.cQ8XRYABdRM,Content,夫「嫁の有責で離婚できたよ」夫同僚「え？あの浮気写真は合成だよ？」夫「は？」夫同僚がついた嘘のおかげで私たちは離婚、夫が復縁を求めてきたが…【スカッとする話】,1,0,,,
YT_RELATED.GC6e6ecrxpg,Content,存在しないのに、なぜか帰りたくなる｜昭和101年、海に浮かぶ手作りの家で暮らす人々の一日,1,0,,,
YT_RELATED.IiV2PWpnsA0,Content,外国人たちが好きな日本式中華TOP5を発表し合ったら話が止まらなかった【中華料理】@chinese-chinese@nensuke_t,1,0,,,
YT_RELATED.d0smhxcSJL0,Content,ブレないドライバースイング #ソ・ギョリム,1,0,,,
YT_RELATED.a2VN5D59UDY,Content,【要塞化チート】5000万の豪邸でゾンビ終末を迎え撃つ！ 予言を知る女の無双サバイバル　#終末劇場,1,0,,,
YT_RELATED.sHxtEvNTSh4,Content,"Dolby Atmos Demo Sound Test 5.1,7.1 and 9.1 Compilation",1,0,,,
YT_RELATED.16trdDFOg-k,Content,【密着】「本当に可愛い…」元アイドルが人気アパレルブランドjouetieの店員へ転身。元気すぎる&可愛すぎる接客でお客様全員を魅了！,1,0,,,
YT_RELATED.8qXav863oS0,Content,She Slept for 15 Years… Until a Mysterious Man Awakened Her Forbidden Power!,1,0,,,
YT_RELATED.zN-3BDq6y6M,Content,【ヘンリービギンズLL】てぃけはし、ツーリングの為にシートバッグを買う【ジクサー取り付け】,1,0,,,
YT_RELATED.XsWV_-tCuK8,Content,村上春樹の海外生活　クセが強すぎる実話５選,1,0,,,
YT_RELATED.B7LfGiIFfZk,Content,SUB)핵두툼한 초밥 먹방!🍣냉우동에 치즈 줄줄 돈까스까지 여름 막차 꿀조합 Sushi & Pork Cutlet Mukbang Asmr,1,0,,,
YT_RELATED.MTYqWkt6XkU,Content,Don't Throw Away Eggshells! Put Them in the Microwave—The Result Will Surprise You!  DIY DAILY,1,0,,,
YT_RELATED.6ewYfouzdr4,Content,国民民主党代表選が大混乱？玉木雄一郎vs橋本幹彦。社民党に負けか。投票用紙はどこ？足立康史が活躍？,1,0,,,
YT_RELATED.U1Y0cSuVM9M,Content,【スカッと】IQ180の息子が「全部百点だったよ」「凄いわね」→だが通知表は「なんで…」【漫画】【漫画動画】【アニメ】【スカッとする話】【2ch】,1,0,,,
YT_RELATED.cfM7J_xYd3c,Content,りくりゅうペアが付き合ってるとだいぶ早くから気づいていた人【ラバーガール新ネタ】,1,0,,,
YT_RELATED.74NO2h5vsf0,Content,⁠【実際の映像公開】不倫相手と「夫を悪者にした捏造動画」を作った妻。偽コラボで呼び出し鑑賞会を開いたら背後から本物の旦那が登場ｗｗ⁠,1,0,,,
YT_RELATED.hMDzN0vH_nw,Content,【漫画】男に興味がない熟女が俺にどハマりw→その理由が・・・【ラブコメ】,1,0,,,
YT_RELATED.CUtJz6sdTAU,Content,【最後の審判ってどんなことするの？】実は神様が死者を天国と地獄に振り分けてるわけじゃない？閻魔様とは違う？「ヨハネの黙示録」についても山田五郎がカンタン解説【名画から読み解く】,1,0,,,
YT_RELATED.lcZE9yul4YQ,Content,「死にたくない」響く悲鳴　中国を襲う連続台風,1,0,,,
YT_RELATED.X2DBuLze1iw,Content,【2022年】獣医師監修ドッグフードランキング・カリカリver.,1,0,,,
YT_RELATED.4gBxuyV9EEU,Content,Every Google App Explained in 10 Minutes ,1,0,,,
YT_RELATED.TCG6iUCA-6c,Content,【異世界漫画】凶乱令嬢の秘密――最強の私が恋に落ちた理由 1 ~ 63【マンガ動画】,1,0,,,
YT_RELATED.RTmaP5w9_WA,Content,安い業スーの鮭おにぎりと高いセブンイレブンの鮭おにぎりで何が違うの？実際に食べ比べてみた！,1,0,,,
YT_RELATED.EDVDYi5zz4k,Content,鯵（あじ）のさばき方 フライ用 背開き - How to filet Horse Mackerel ver.Sebiraki for deep‐fry -日本さばけるプロジェクト 海と日本プロジェクト,1,0,,,
YT_RELATED.BVKub8mLFFc,Content,『FINAL FANTASY VII REVELATION』2ndトレーラー｜星の守護者,1,0,,,
YT_RELATED.bzHJGR9lkQw,Content,TVアニメ『令和のダラさん』第九怪WEB予告 | 毎週木曜22:30より放送中！,1,0,,,
YT_RELATED.CJQrd3TpZfo,Content,パーティー会場で暴漢を蹴り飛ばし祖母を救った凄腕の女性は誰だ特別秘書は報告書を握りしめ震える声で答えたCEO……調べる必要はありませんその女性はあなたが別邸に2年間放置していた“名ばかりの妻”です！,1,0,,,
YT_RELATED.9BqA4TGbRCk,Content,【新章1~3話】今なら間に合う！「山本裕典、ホストになる。」シーズン6イッキ見ダイジェスト！｜#愛のハイエナ,1,0,,,
YT_RELATED.Mx7JWqRqK70,Content,Mr.都市伝説 関暁夫から皆さまへ【熊本震災でまだ気づきませんか?】,1,0,,,
YT_RELATED.xZX7uPVYTfI,Content,「美味すぎて中毒に…」世界中どこにいても作れる「あのカンタン料理」が日本アニメの影響で再ブームに!!【海外の反応】,1,0,,,
YT_RELATED.8ElcgqTxDbo,Content,【頼むからやめてくれ】ショートスリーパー堀大輔さんについて,1,0,,,
YT_RELATED.I1yN0iL8N48,Content,仏南西部　大規模竜巻で41人負傷　住宅約300軒被災　飛行機や電車に欠航・遅延も(2026年8月26日),1,0,,,
YT_RELATED.06rW2RZ5iPU,Content,8.25 CIA長官が米軍機でロシアを電撃訪問　目的は？なぜ今なのか？,1,0,,,
YT_RELATED.bMy9v_Z02n0,Content,夫婦は、何故愛する人を傷つけてしまうのか？,1,0,,,
YT_RELATED.sbGpg9r_TU8,Content,秦基博の声になったジャイアン,1,100,1,0:07:47,0.13
YT_RELATED.-AAXAI-GFIw,Content,会社の後輩と5年間浮気していた夫を居ないものとして生活してみた⇒結果ｗｗ【スカッとする話】,1,0,,,
YT_RELATED.yzatiTYnvjU,Content,夏目漱石「こころ」あらすじ解説と考察（２）【下　先生と遺書】,1,0,,,
YT_RELATED.cDD1bLqlfJQ,Content,部下を潰す上司の心理特徴と対策法！【ダブルバインド】で洗脳されるな！,1,0,,,
YT_RELATED.RLEIMfRE6ns,Content,【しまむら購入品】ちいかわの陰で♡どんどん出てます！お得すぎるお値下げ品！,1,0,,,
YT_RELATED.EeDOUe70QuM,Content,勝間和代の、すきま時間読書はあなたの人生を変えます！！,1,0,,,
YT_RELATED.n5tVddaClkg,Content,すべての物事はうまくいかないことが前提と考えると、かえってうまくいく,1,0,,,
YT_RELATED.GEbfli8JXHQ,Content,8.23(金)公開『火口のふたり』大胆過ぎて上映NG！幻の予告編,1,0,,,
YT_RELATED.fZdafF-7YB4,Content,【グレーな心理学】人の本性を見抜く方法5選,1,0,,,
YT_RELATED.cec--pS-w7o,Content,スプーン曲げ、やってみよう！,1,0,,,
YT_RELATED.0qZYynLxsGQ,Content,姉に婚約を報告すると…「彼と結婚？無理でしょ」姉の不思議な力で嘘まみれのヤバ男を撃退ｗ【スカッとする話】,1,0,,,
YT_RELATED.2XgSHYoNajs,Content,【こうなった時】対処法教えましょうかね,1,0,,,
YT_RELATED.mUXf5luem9E,Content,【メンタリストDaiGo】人生変える⭐️ 最強習慣TOP10まとめ【切り抜き】,1,0,,,
YT_RELATED.RvfxTrPvyCY,Content,【ルームツアー】香坂みゆきさんのご自宅を訪問！60〜70年代ヴィンテージが彩る憧れのミッドセンチュリー空間,1,0,,,
YT_RELATED.aFzOc402or0,Content,ロバーツ監督、試合後「大谷の左足が・・・」,1,0,,,
